file	avg_base_quality
01_06_25_ENCDEC30_R1__E0000000__X00__250205_01-06-25_WW__001.trimmed.sorted.bam	39.0
01_06_25_ENCJAN01_R1__E0000000__X00__250205_01-06-25_WW__001.trimmed.sorted.bam	39.0
01_06_25_ENCJAN02_R2__E0000000__X00__250205_01-06-25_WW__001.trimmed.sorted.bam	39.0
01_06_25_PLDEC29_R1__E0000000__X00__250205_01-06-25_WW__001.trimmed.sorted.bam	38.9
01_06_25_PLDEC31_R2__E0000000__X00__250205_01-06-25_WW__001.trimmed.sorted.bam	39.0
01_06_25_PLJAN01_R1__E0000000__X00__250205_01-06-25_WW__001.trimmed.sorted.bam	39.0
01_06_25_SBDEC31_R1__E0000000__X00__250205_01-06-25_WW__001.trimmed.sorted.bam	39.0
01_06_25_SBJAN05_R2__E0000000__X00__250205_01-06-25_WW__001.trimmed.sorted.bam	39.0
01.08.24.ENCDEC29.R2__NA__NA__240112_WW__00X.trimmed.sorted.unfiltered.bam	23.2
01.08.24.ENCJAN05.R1__NA__NA__240112_WW__00X.trimmed.sorted.unfiltered.bam	23.1
01.08.24.PLDEC31.R1__NA__NA__240112_WW__00X.trimmed.sorted.unfiltered.bam	23.1
01.08.24.PLJAN01.R1__NA__NA__240112_WW__00X.trimmed.sorted.unfiltered.bam	23.1
01.08.24.PLJAN02.R2__NA__NA__240112_WW__00X.trimmed.sorted.unfiltered.bam	23.2
01.08.24.PLJAN03.R2__NA__NA__240112_WW__00X.trimmed.sorted.unfiltered.bam	23.1
01.08.24.SBJAN04.R1__NA__NA__240112_WW__00X.trimmed.sorted.unfiltered.bam	23.2
01.08.24.SBJAN07.R1__NA__NA__240112_WW__00X.trimmed.sorted.unfiltered.bam	23.3
01.22.24.ENCJAN16.R2__NA__NA__240126_WW__00X.trimmed.sorted.unfiltered.bam	23.7
01.22.24.ENCJAN17.R2__NA__NA__240126_WW__00X.trimmed.sorted.unfiltered.bam	23.7
01.22.24.PLJAN14.R1__NA__NA__240126_WW__00X.trimmed.sorted.unfiltered.bam	23.9
01.22.24.PLJAN15.R2__NA__NA__240126_WW__00X.trimmed.sorted.unfiltered.bam	23.7
01.22.24.PLJAN16.R1__NA__NA__240126_WW__00X.trimmed.sorted.unfiltered.bam	23.7
01.22.24.PLJAN17.R1__NA__NA__240126_WW__00X.trimmed.sorted.unfiltered.bam	23.9
01.22.24.SBJAN16.R1__NA__NA__240126_WW__00X.trimmed.sorted.unfiltered.bam	23.8
01.22.24.SBJAN18.R1__NA__NA__240126_WW__00X.trimmed.sorted.unfiltered.bam	23.7
01.30.24.ENCJAN25.R2__NA__NA__240202_WW__00X.trimmed.sorted.unfiltered.bam	23.5
01.30.24.ENCJAN26.R1__NA__NA__240202_WW__00X.trimmed.sorted.unfiltered.bam	23.5
01.30.24.PLJAN21.R1__NA__NA__240202_WW__00X.trimmed.sorted.unfiltered.bam	23.7
01.30.24.PLJAN22.R2__NA__NA__240202_WW__00X.trimmed.sorted.unfiltered.bam	23.6
01.30.24.PLJAN23.R2__NA__NA__240202_WW__00X.trimmed.sorted.unfiltered.bam	23.7
01.30.24.PLJAN24.R1__NA__NA__240202_WW__00X.trimmed.sorted.unfiltered.bam	23.5
01.30.24.SBJAN25.R1__NA__NA__240202_WW__00X.trimmed.sorted.unfiltered.bam	23.6
01.30.24.SBJAN28.R2__NA__NA__240202_WW__00X.trimmed.sorted.unfiltered.bam	23.5
02.05.24.ENCJAN30.R1__NA__NA__240209_WW__00X.trimmed.sorted.unfiltered.bam	23.3
02.05.24.ENCJAN31.R2__NA__NA__240209_WW__00X.trimmed.sorted.unfiltered.bam	23.2
02.05.24.PLJAN28.R2__NA__NA__240209_WW__00X.trimmed.sorted.unfiltered.bam	23.3
02.05.24.PLJAN29.R1__NA__NA__240209_WW__00X.trimmed.sorted.unfiltered.bam	23.2
02.05.24.PLJAN30.R1__NA__NA__240209_WW__00X.trimmed.sorted.unfiltered.bam	23.2
02.05.24.PLJAN31.R2__NA__NA__240209_WW__00X.trimmed.sorted.unfiltered.bam	23.3
02.05.24.SBFEB01.R2__NA__NA__240209_WW__00X.trimmed.sorted.unfiltered.bam	23.2
02.05.24.SBFEB04.R1__NA__NA__240209_WW__00X.trimmed.sorted.unfiltered.bam	23.2
02.12.24.ENCFEB06.R2__NA__NA__240223_WW__00X.trimmed.sorted.unfiltered.bam	23.5
02.12.24.ENCFEB09.R2__NA__NA__240223_WW__00X.trimmed.sorted.unfiltered.bam	23.4
02.12.24.PLFEB04.R2__NA__NA__240223_WW__00X.trimmed.sorted.unfiltered.bam	23.5
02.12.24.PLFEB05.R2__NA__NA__240223_WW__00X.trimmed.sorted.unfiltered.bam	23.4
02.12.24.PLFEB06.R1__NA__NA__240223_WW__00X.trimmed.sorted.unfiltered.bam	23.4
02.12.24.PLFEB07.R1__NA__NA__240223_WW__00X.trimmed.sorted.unfiltered.bam	23.3
02.12.24.SBFEB06.R1__NA__NA__240223_WW__00X.trimmed.sorted.unfiltered.bam	23.5
02.12.24.SBFEB08.R1__NA__NA__240223_WW__00X.trimmed.sorted.unfiltered.bam	23.3
02.20.24.ENCFEB13.R1__NA__NA__240223_WW__00X.trimmed.sorted.unfiltered.bam	23.5
02.20.24.ENCFEB19.R2__NA__NA__240223_WW__00X.trimmed.sorted.unfiltered.bam	23.4
02.20.24.PLFEB11.R1__NA__NA__240223_WW__00X.trimmed.sorted.unfiltered.bam	23.4
02.20.24.PLFEB12.R1__NA__NA__240223_WW__00X.trimmed.sorted.unfiltered.bam	23.4
02.20.24.PLFEB13.R2__NA__NA__240223_WW__00X.trimmed.sorted.unfiltered.bam	23.5
02.20.24.PLFEB14.R2__NA__NA__240223_WW__00X.trimmed.sorted.unfiltered.bam	23.4
02.20.24.SBFEB15.R2__NA__NA__240223_WW__00X.trimmed.sorted.unfiltered.bam	23.5
02.20.24.SBFEB18.R2__NA__NA__240223_WW__00X.trimmed.sorted.unfiltered.bam	23.5
02.26.24.ENCFEB22.R1__NA__NA__240301_WW__00X.trimmed.sorted.unfiltered.bam	23.7
02.26.24.ENCFEB23.R2__NA__NA__240301_WW__00X.trimmed.sorted.unfiltered.bam	23.6
02.26.24.PLFEB18.R2__NA__NA__240301_WW__00X.trimmed.sorted.unfiltered.bam	23.7
02.26.24.PLFEB19.R1__NA__NA__240301_WW__00X.trimmed.sorted.unfiltered.bam	23.6
02.26.24.PLFEB20.R2__NA__NA__240301_WW__00X.trimmed.sorted.unfiltered.bam	23.6
02.26.24.PLFEB21.R1__NA__NA__240301_WW__00X.trimmed.sorted.unfiltered.bam	23.5
02.26.24.SBFEB20.R1__NA__NA__240301_WW__00X.trimmed.sorted.unfiltered.bam	23.6
02.26.24.SBFEB25.R2__NA__NA__240301_WW__00X.trimmed.sorted.unfiltered.bam	23.6
03_04_24_ENCFEB29_sub_R2__E0000000__X00__240314_WW_75__008.trimmed.sorted.bam	39.7
03_04_24_ENCMAR01_sub_R2__E0000000__X00__240314_WW_75__008.trimmed.sorted.bam	39.7
03_04_24_PLFEB25_sub_R1__E0000000__X00__240314_WW_75__008.trimmed.sorted.bam	39.7
03_04_24_PLFEB26_sub_R1__E0000000__X00__240314_WW_75__008.trimmed.sorted.bam	39.8
03_04_24_PLFEB27_sub_R1__E0000000__X00__240314_WW_75__008.trimmed.sorted.bam	39.8
03_04_24_PLFEB28_sub_R2__E0000000__X00__240314_WW_75__008.trimmed.sorted.bam	39.7
03_04_24_SBFEB27_sub_R2__E0000000__X00__240314_WW_75__008.trimmed.sorted.bam	39.7
03_04_24_SBFEB29_sub_R2__E0000000__X00__240314_WW_75__008.trimmed.sorted.bam	39.7
03_11_24_ENCMAR04_R2__E0000000__X00__240318_NextSeq_WW__001.trimmed.sorted.bam	33.1
03_11_24_ENCMAR08_R2__E0000000__X00__240318_NextSeq_WW__001.trimmed.sorted.bam	33.1
03_11_24_PLMAR03_R2__E0000000__X00__240318_NextSeq_WW__001.trimmed.sorted.bam	33.1
03_11_24_PLMAR04_R2__E0000000__X00__240318_NextSeq_WW__001.trimmed.sorted.bam	33.2
03_11_24_PLMAR05_R1__E0000000__X00__240318_NextSeq_WW__001.trimmed.sorted.bam	33.1
03_11_24_PLMAR06_R2__E0000000__X00__240318_NextSeq_WW__001.trimmed.sorted.bam	33.1
03_11_24_SBMAR07_R1__E0000000__X00__240318_NextSeq_WW__001.trimmed.sorted.bam	33.1
03_11_24_SBMAR10_R1__E0000000__X00__240318_NextSeq_WW__001.trimmed.sorted.bam	33.1
03_18_24_ENCMAR13_R1__E0000000__X00__240323_NextSeq_WW__001.trimmed.sorted.bam	32.8
03_18_24_ENCMAR15_R1__E0000000__X00__240323_NextSeq_WW__001.trimmed.sorted.bam	32.7
03_18_24_PLMAR10_R1__E0000000__X00__240323_NextSeq_WW__001.trimmed.sorted.bam	32.7
03_18_24_PLMAR11_R2__E0000000__X00__240323_NextSeq_WW__001.trimmed.sorted.bam	32.7
03_18_24_PLMAR12_R2__E0000000__X00__240323_NextSeq_WW__001.trimmed.sorted.bam	32.6
03_18_24_PLMAR13_R2__E0000000__X00__240323_NextSeq_WW__001.trimmed.sorted.bam	32.7
03_18_24_SBMAR12_R2__E0000000__X00__240323_NextSeq_WW__001.trimmed.sorted.bam	32.6
03_18_24_SBMAR17_R2__E0000000__X00__240323_NextSeq_WW__001.trimmed.sorted.bam	32.6
03_25_24_ENCMAR19_R2__E0000000__X00__240401_NextSeq_WW__001.trimmed.sorted.bam	32.8
03_25_24_ENCMAR20_R1__E0000000__X00__240401_NextSeq_WW__001.trimmed.sorted.bam	32.8
03_25_24_PLMAR17_R2__E0000000__X00__240401_NextSeq_WW__001.trimmed.sorted.bam	32.7
03_25_24_PLMAR18_R1__E0000000__X00__240401_NextSeq_WW__001.trimmed.sorted.bam	32.7
03_25_24_PLMAR19_R2__E0000000__X00__240401_NextSeq_WW__001.trimmed.sorted.bam	32.7
03_25_24_PLMAR20_R2__E0000000__X00__240401_NextSeq_WW__001.trimmed.sorted.bam	32.7
03_25_24_SBMAR19_R2__E0000000__X00__240401_NextSeq_WW__001.trimmed.sorted.bam	32.8
03_25_24_SBMAR24_R1__E0000000__X00__240401_NextSeq_WW__001.trimmed.sorted.bam	32.8
04_01_24_ENCMAR27_R1__E0000000__X00__240409_NextSeq_WW__001.trimmed.sorted.bam	32.9
04_01_24_ENCMAR29_R2__E0000000__X00__240409_NextSeq_WW__001.trimmed.sorted.bam	32.8
04_02_24_PLMAR24_R2__E0000000__X00__240409_NextSeq_WW__001.trimmed.sorted.bam	32.9
04_02_24_PLMAR25_R1__E0000000__X00__240409_NextSeq_WW__001.trimmed.sorted.bam	32.8
04_02_24_PLMAR26_R2__E0000000__X00__240409_NextSeq_WW__001.trimmed.sorted.bam	32.9
04_02_24_PLMAR27_R1__E0000000__X00__240409_NextSeq_WW__001.trimmed.sorted.bam	32.8
04_02_24_SBMAR28_R1__E0000000__X00__240409_NextSeq_WW__001.trimmed.sorted.bam	32.8
04_02_24_SBMAR31_R1__E0000000__X00__240409_NextSeq_WW__001.trimmed.sorted.bam	32.9
04_08_24_ENCAPR02_R1__E0000000__X00__240415_NextSeq_WW__001.trimmed.sorted.bam	33.1
04_08_24_ENCAPR05_R2__E0000000__X00__240415_NextSeq_WW__001.trimmed.sorted.bam	33.1
04_08_24_PLAPR01_R2__E0000000__X00__240415_NextSeq_WW__001.trimmed.sorted.bam	33.0
04_08_24_PLAPR02_R2__E0000000__X00__240415_NextSeq_WW__001.trimmed.sorted.bam	33.1
04_08_24_PLAPR03_R2__E0000000__X00__240415_NextSeq_WW__001.trimmed.sorted.bam	33.1
04_08_24_PLMAR31_R2__E0000000__X00__240415_NextSeq_WW__001.trimmed.sorted.bam	33.1
04_08_24_SBAPR02_R1__E0000000__X00__240415_NextSeq_WW__001.trimmed.sorted.bam	33.1
04_08_24_SBAPR04_R2__E0000000__X00__240415_NextSeq_WW__001.trimmed.sorted.bam	33.1
04_22_24_ENCAPR16_R1__E0000000__X00__240429_NextSeq_WW__001.trimmed.sorted.bam	32.5
04_22_24_ENCAPR18_R1__E0000000__X00__240429_NextSeq_WW__001.trimmed.sorted.bam	32.5
04_22_24_PLAPR14_R2__E0000000__X00__240429_NextSeq_WW__001.trimmed.sorted.bam	32.4
04_22_24_PLAPR15_R1__E0000000__X00__240429_NextSeq_WW__001.trimmed.sorted.bam	32.5
04_22_24_PLAPR16_R1__E0000000__X00__240429_NextSeq_WW__001.trimmed.sorted.bam	32.4
04_22_24_PLAPR17_R2__E0000000__X00__240429_NextSeq_WW__001.trimmed.sorted.bam	32.5
04_22_24_SBAPR16_R1__E0000000__X00__240429_NextSeq_WW__001.trimmed.sorted.bam	32.5
04_22_24_SBAPR18_R1__E0000000__X00__240429_NextSeq_WW__001.trimmed.sorted.bam	32.4
04_29_24_ENCAPR25_R2__E0000000__X00__240509_NextSeq_WW__001.trimmed.sorted.bam	32.6
04_29_24_ENCAPR26_R2__E0000000__X00__240509_NextSeq_WW__001.trimmed.sorted.bam	32.6
04_29_24_PLAPR21_R1__E0000000__X00__240509_NextSeq_WW__001.trimmed.sorted.bam	32.6
04_29_24_PLAPR22_R1__E0000000__X00__240509_NextSeq_WW__001.trimmed.sorted.bam	32.7
04_29_24_PLAPR23_R1__E0000000__X00__240509_NextSeq_WW__001.trimmed.sorted.bam	32.7
04_29_24_PLAPR24_R1__E0000000__X00__240509_NextSeq_WW__001.trimmed.sorted.bam	32.7
04_29_24_SBAPR25_R1__E0000000__X00__240509_NextSeq_WW__001.trimmed.sorted.bam	32.7
04_29_24_SBAPR28_R1__E0000000__X00__240509_NextSeq_WW__001.trimmed.sorted.bam	32.7
05_06_24_ENCAPR29_R2__E0000000__X00__240512_NextSeq_WW__001.trimmed.sorted.bam	32.8
05_06_24_ENCMAY01_R1__E0000000__X00__240512_NextSeq_WW__001.trimmed.sorted.bam	32.9
05_06_24_PLAPR28_R1__E0000000__X00__240512_NextSeq_WW__001.trimmed.sorted.bam	32.8
05_06_24_PLAPR29_R2__E0000000__X00__240512_NextSeq_WW__001.trimmed.sorted.bam	32.8
05_06_24_PLAPR30_R1__E0000000__X00__240512_NextSeq_WW__001.trimmed.sorted.bam	32.8
05_06_24_PLMAY01_R2__E0000000__X00__240512_NextSeq_WW__001.trimmed.sorted.bam	32.8
05_06_24_SBAPR30_R2__E0000000__X00__240512_NextSeq_WW__001.trimmed.sorted.bam	32.9
05_06_24_SBMAY02_R1__E0000000__X00__240512_NextSeq_WW__001.trimmed.sorted.bam	32.8
05_13_24_ENCMAY06_R1__E0000000__X00__240518_NextSeq_WW__001.trimmed.sorted.bam	32.8
05_13_24_ENCMAY09_R2__E0000000__X00__240518_NextSeq_WW__001.trimmed.sorted.bam	32.9
05_13_24_PLMAY05_R2__E0000000__X00__240518_NextSeq_WW__001.trimmed.sorted.bam	32.8
05_13_24_PLMAY06_R1__E0000000__X00__240518_NextSeq_WW__001.trimmed.sorted.bam	32.8
05_13_24_PLMAY07_R1__E0000000__X00__240518_NextSeq_WW__001.trimmed.sorted.bam	32.8
05_13_24_PLMAY08_R1__E0000000__X00__240518_NextSeq_WW__001.trimmed.sorted.bam	32.8
05_13_24_SBMAY09_R2__E0000000__X00__240518_NextSeq_WW__001.trimmed.sorted.bam	32.9
05_13_24_SBMAY12_R2__E0000000__X00__240518_NextSeq_WW__001.trimmed.sorted.bam	32.8
05_28_24_ENCMAY24_R1__E0000000__X00__240624_1_SG_WW__001.trimmed.sorted.bam	38.1
05_28_24_ENCMAY27_R2__E0000000__X00__240624_1_SG_WW__001.trimmed.sorted.bam	37.9
05_28_24_PLMAY19_R1__E0000000__X00__240624_1_SG_WW__001.trimmed.sorted.bam	38.0
05_28_24_PLMAY20_R1__E0000000__X00__240624_1_SG_WW__001.trimmed.sorted.bam	38.0
05_28_24_PLMAY21_R1__E0000000__X00__240624_1_SG_WW__001.trimmed.sorted.bam	37.9
05_28_24_PLMAY22_R1__E0000000__X00__240624_1_SG_WW__001.trimmed.sorted.bam	38.0
05_28_24_SBMAY21_R2__E0000000__X00__240624_1_SG_WW__001.trimmed.sorted.bam	38.1
05_28_24_SBMAY23_R1__E0000000__X00__240624_1_SG_WW__001.trimmed.sorted.bam	38.0
06_03_24_ENCMAY28_R1__E0000000__X00__240624_2_SG_WW__001.trimmed.sorted.bam	38.0
06_03_24_ENCMAY31_R1__E0000000__X00__240624_2_SG_WW__001.trimmed.sorted.bam	38.0
06_03_24_PLMAY26_R1__E0000000__X00__240624_2_SG_WW__001.trimmed.sorted.bam	38.0
06_03_24_PLMAY27_R2__E0000000__X00__240624_2_SG_WW__001.trimmed.sorted.bam	37.9
06_03_24_PLMAY28_R2__E0000000__X00__240624_2_SG_WW__001.trimmed.sorted.bam	38.0
06_03_24_PLMAY29_R2__E0000000__X00__240624_2_SG_WW__001.trimmed.sorted.bam	38.0
06_03_24_SBJUN02_R2__E0000000__X00__240624_2_SG_WW__001.trimmed.sorted.bam	38.0
06_03_24_SBMAY28_R2__E0000000__X00__240624_2_SG_WW__001.trimmed.sorted.bam	38.0
06_10_24_ENCJUN04_R2__E0000000__X00__240624_4_SG_WW__001.trimmed.sorted.bam	38.0
06_10_24_ENCJUN05_R2__E0000000__X00__240624_4_SG_WW__001.trimmed.sorted.bam	38.0
06_10_24_PLJUN02_R2__E0000000__X00__240624_4_SG_WW__001.trimmed.sorted.bam	38.0
06_10_24_PLJUN03_R1__E0000000__X00__240624_4_SG_WW__001.trimmed.sorted.bam	38.0
06_10_24_PLJUN04_R1__E0000000__X00__240624_4_SG_WW__001.trimmed.sorted.bam	38.0
06_10_24_PLJUN05_R1__E0000000__X00__240624_4_SG_WW__001.trimmed.sorted.bam	38.0
06_10_24_SBJUN04_R1__E0000000__X00__240624_4_SG_WW__001.trimmed.sorted.bam	38.0
06_10_24_SBJUN09_R1__E0000000__X00__240624_4_SG_WW__001.trimmed.sorted.bam	38.0
06_17_24_ENCJUN10_R2__E0000000__X00__240627_1_SG_WW__001.trimmed.sorted.bam	37.9
06_17_24_ENCJUN12_R1__E0000000__X00__240627_1_SG_WW__001.trimmed.sorted.bam	37.9
06_17_24_PLJUN09_R2__E0000000__X00__240627_1_SG_WW__001.trimmed.sorted.bam	37.9
06_17_24_PLJUN10_R2__E0000000__X00__240627_1_SG_WW__001.trimmed.sorted.bam	37.9
06_17_24_PLJUN11_R2__E0000000__X00__240627_1_SG_WW__001.trimmed.sorted.bam	37.8
06_17_24_PLJUN12_R1__E0000000__X00__240627_1_SG_WW__001.trimmed.sorted.bam	37.8
06_17_24_SBJUN16_R1__E0000000__X00__240627_1_SG_WW__001.trimmed.sorted.bam	37.9
06_18_24_SBJUN13_R2__E0000000__X00__240627_1_SG_WW__001.trimmed.sorted.bam	37.9
06_24_24_ENCJUN19_R2__E0000000__X00__240627_2_SG_WW__001.trimmed.sorted.bam	38.1
06_24_24_ENCJUN20_R2__E0000000__X00__240627_2_SG_WW__001.trimmed.sorted.bam	38.0
06_24_24_PLJUN16_R2__E0000000__X00__240627_2_SG_WW__001.trimmed.sorted.bam	38.1
06_24_24_PLJUN17_R2__E0000000__X00__240627_2_SG_WW__001.trimmed.sorted.bam	38.0
06_24_24_PLJUN18_R2__E0000000__X00__240627_2_SG_WW__001.trimmed.sorted.bam	38.1
06_24_24_PLJUN19_R1__E0000000__X00__240627_2_SG_WW__001.trimmed.sorted.bam	38.1
06_24_24_SBJUN20_R2__E0000000__X00__240627_2_SG_WW__001.trimmed.sorted.bam	38.0
06_24_24_SBJUN23_R2__E0000000__X00__240627_2_SG_WW__001.trimmed.sorted.bam	38.0
07_01_24_ENCJUN26_R2__E0000000__X00__240712_1_SG_WW__001.trimmed.sorted.bam	37.8
07_01_24_ENCJUN28_R2__E0000000__X00__240712_1_SG_WW__001.trimmed.sorted.bam	37.8
07_01_24_PLJUN23_R2__E0000000__X00__240712_1_SG_WW__001.trimmed.sorted.bam	37.8
07_01_24_PLJUN24_R1__E0000000__X00__240712_1_SG_WW__001.trimmed.sorted.bam	37.9
07_01_24_PLJUN25_R2__E0000000__X00__240712_1_SG_WW__001.trimmed.sorted.bam	37.9
07_01_24_PLJUN26_R1__E0000000__X00__240712_1_SG_WW__001.trimmed.sorted.bam	37.9
07_01_24_SBJUN25_R1__E0000000__X00__240712_1_SG_WW__001.trimmed.sorted.bam	37.8
07_01_24_SBJUN27_R2__E0000000__X00__240712_1_SG_WW__001.trimmed.sorted.bam	37.9
07_08_24_ENCJUL03_R2__E0000000__X00__240712_2_SG_WW__001.trimmed.sorted.bam	37.9
07_08_24_ENCJUL05_R1__E0000000__X00__240712_2_SG_WW__001.trimmed.sorted.bam	37.8
07_08_24_PLJUL01_R1__E0000000__X00__240712_2_SG_WW__001.trimmed.sorted.bam	37.9
07_08_24_PLJUL03_R2__E0000000__X00__240712_2_SG_WW__001.trimmed.sorted.bam	37.9
07_08_24_PLJUL04_R1__E0000000__X00__240712_2_SG_WW__001.trimmed.sorted.bam	38.0
07_08_24_PLJUN30_R1__E0000000__X00__240712_2_SG_WW__001.trimmed.sorted.bam	37.9
07_08_24_SBJUL04_R2__E0000000__X00__240712_2_SG_WW__001.trimmed.sorted.bam	37.9
07_08_24_SBJUL07_R2__E0000000__X00__240712_2_SG_WW__001.trimmed.sorted.bam	37.9
07_15_24_ENCJUL09_R2__E0000000__X00__240718_SG_WW__001.trimmed.sorted.bam	38.0
07_15_24_ENCJUL10_R1__E0000000__X00__240718_SG_WW__001.trimmed.sorted.bam	37.9
07_15_24_PLJUL07_R1__E0000000__X00__240718_SG_WW__001.trimmed.sorted.bam	38.0
07_15_24_PLJUL08_R2__E0000000__X00__240718_SG_WW__001.trimmed.sorted.bam	38.0
07_15_24_PLJUL09_R1__E0000000__X00__240718_SG_WW__001.trimmed.sorted.bam	37.9
07_15_24_PLJUL10_R1__E0000000__X00__240718_SG_WW__001.trimmed.sorted.bam	37.9
07_15_24_SBJUL11_R1__E0000000__X00__240718_SG_WW__001.trimmed.sorted.bam	37.9
07_15_24_SBJUL14_R2__E0000000__X00__240718_SG_WW__001.trimmed.sorted.bam	37.9
07_22_24_ENCJUL17_R1__E0000000__X00__240729_SG_WW__001.trimmed.sorted.bam	37.5
07_22_24_ENCJUL18_R1__E0000000__X00__240729_SG_WW__001.trimmed.sorted.bam	37.5
07_22_24_PLJUL14_R1__E0000000__X00__240729_SG_WW__001.trimmed.sorted.bam	37.5
07_22_24_PLJUL15_R2__E0000000__X00__240729_SG_WW__001.trimmed.sorted.bam	37.6
07_22_24_PLJUL16_R2__E0000000__X00__240729_SG_WW__001.trimmed.sorted.bam	37.5
07_22_24_PLJUL17_R2__E0000000__X00__240729_SG_WW__001.trimmed.sorted.bam	37.5
07_22_24_SBJUL18_R2__E0000000__X00__240729_SG_WW__001.trimmed.sorted.bam	37.6
07_22_24_SBJUL21_R2__E0000000__X00__240729_SG_WW__001.trimmed.sorted.bam	37.5
07_29_24_ENCJUL25_R2__E0000000__X00__240801_SG_WW__001.trimmed.sorted.bam	37.5
07_29_24_ENCJUL26_R1__E0000000__X00__240801_SG_WW__001.trimmed.sorted.bam	37.5
07_29_24_PLJUL21_R1__E0000000__X00__240801_SG_WW__001.trimmed.sorted.bam	37.5
07_29_24_PLJUL22_R1__E0000000__X00__240801_SG_WW__001.trimmed.sorted.bam	37.5
07_29_24_PLJUL23_R2__E0000000__X00__240801_SG_WW__001.trimmed.sorted.bam	37.5
07_29_24_PLJUL24_R2__E0000000__X00__240801_SG_WW__001.trimmed.sorted.bam	37.5
07_29_24_SBJUL23_R1__E0000000__X00__240801_SG_WW__001.trimmed.sorted.bam	37.5
07_29_24_SBJUL25_R1__E0000000__X00__240801_SG_WW__001.trimmed.sorted.bam	37.5
08_05_24_ENCAUG01_R1__E0000000__X00__240808_SG_WW__001.trimmed.sorted.bam	37.6
08_05_24_ENCJUL30_R2__E0000000__X00__240808_SG_WW__001.trimmed.sorted.bam	37.7
08_05_24_PLJUL28_R2__E0000000__X00__240808_SG_WW__001.trimmed.sorted.bam	37.7
08_05_24_PLJUL29_R2__E0000000__X00__240808_SG_WW__001.trimmed.sorted.bam	37.7
08_05_24_PLJUL30_R1__E0000000__X00__240808_SG_WW__001.trimmed.sorted.bam	37.7
08_05_24_PLJUL31_R1__E0000000__X00__240808_SG_WW__001.trimmed.sorted.bam	37.7
08_05_24_SBAUG01_R1__E0000000__X00__240808_SG_WW__001.trimmed.sorted.bam	37.7
08_05_24_SBAUG04_R2__E0000000__X00__240808_SG_WW__001.trimmed.sorted.bam	37.7
08_12_24_ENCAUG06_R2__E0000000__X00__240815_SG_WW__001.trimmed.sorted.bam	37.5
08_12_24_ENCAUG09_R1__E0000000__X00__240815_SG_WW__001.trimmed.sorted.bam	37.5
08_12_24_PLAUG04_R2__E0000000__X00__240815_SG_WW__001.trimmed.sorted.bam	37.5
08_12_24_PLAUG05_R1__E0000000__X00__240815_SG_WW__001.trimmed.sorted.bam	37.6
08_12_24_PLAUG06_R2__E0000000__X00__240815_SG_WW__001.trimmed.sorted.bam	37.5
08_12_24_PLAUG07_R2__E0000000__X00__240815_SG_WW__001.trimmed.sorted.bam	37.5
08_12_24_SBAUG06_R1__E0000000__X00__240815_SG_WW__001.trimmed.sorted.bam	37.5
08_12_24_SBAUG11_R2__E0000000__X00__240815_SG_WW__001.trimmed.sorted.bam	37.5
08_19_24_ENCAUG13_R1__E0000000__X00__240822_SG_WW__001.trimmed.sorted.bam	37.4
08_19_24_ENCAUG15_R2__E0000000__X00__240822_SG_WW__001.trimmed.sorted.bam	37.3
08_19_24_PLAUG11_R1__E0000000__X00__240822_SG_WW__001.trimmed.sorted.bam	37.4
08_19_24_PLAUG12_R1__E0000000__X00__240822_SG_WW__001.trimmed.sorted.bam	37.4
08_19_24_PLAUG13_R1__E0000000__X00__240822_SG_WW__001.trimmed.sorted.bam	37.4
08_19_24_PLAUG14_R1__E0000000__X00__240822_SG_WW__001.trimmed.sorted.bam	37.3
08_19_24_SBAUG13_R2__E0000000__X00__240822_SG_WW__001.trimmed.sorted.bam	37.4
08_19_24_SBAUG15_R1__E0000000__X00__240822_SG_WW__001.trimmed.sorted.bam	37.4
08_26_24_ENCAUG19_R2__E0000000__X00__240829_SG_WW__001.trimmed.sorted.bam	37.3
08_26_24_ENCAUG22_R1__E0000000__X00__240829_SG_WW__001.trimmed.sorted.bam	37.3
08_26_24_ENCAUG23_R2__E0000000__X00__240829_SG_WW__001.trimmed.sorted.bam	37.3
08_26_24_PLAUG18_R2__E0000000__X00__240829_SG_WW__001.trimmed.sorted.bam	37.3
08_26_24_PLAUG19_R2__E0000000__X00__240829_SG_WW__001.trimmed.sorted.bam	37.3
08_26_24_PLAUG20_R2__E0000000__X00__240829_SG_WW__001.trimmed.sorted.bam	37.3
08_26_24_SBAUG20_R2__E0000000__X00__240829_SG_WW__001.trimmed.sorted.bam	37.3
08_26_24_SBAUG22_R2__E0000000__X00__240829_SG_WW__001.trimmed.sorted.bam	37.2
09_03_24_ENCAUG28_R2__E0000000__X00__240906_SG_WW__001.trimmed.sorted.bam	37.2
09_03_24_ENCAUG29_R2__E0000000__X00__240906_SG_WW__001.trimmed.sorted.bam	37.3
09_03_24_PLAUG25_R1__E0000000__X00__240906_SG_WW__001.trimmed.sorted.bam	37.3
09_03_24_PLAUG27_R1__E0000000__X00__240906_SG_WW__001.trimmed.sorted.bam	37.3
09_03_24_PLAUG28_R2__E0000000__X00__240906_SG_WW__001.trimmed.sorted.bam	37.3
09_03_24_SBAUG27_R2__E0000000__X00__240906_SG_WW__001.trimmed.sorted.bam	37.3
09_03_24_SBAUG29_R2__E0000000__X00__240906_SG_WW__001.trimmed.sorted.bam	37.2
09_03_24_SBSEP01_R2__E0000000__X00__240906_SG_WW__001.trimmed.sorted.bam	37.3
09_10_24_ENCSEP02_R2__E0000000__X00__240912_SG_WW__001.trimmed.sorted.bam	37.3
09_10_24_ENCSEP04_R2__E0000000__X00__240912_SG_WW__001.trimmed.sorted.bam	37.5
09_10_24_PLSEP01_R1__E0000000__X00__240912_SG_WW__001.trimmed.sorted.bam	37.5
09_10_24_PLSEP02_R1__E0000000__X00__240912_SG_WW__001.trimmed.sorted.bam	37.5
09_10_24_PLSEP03_R2__E0000000__X00__240912_SG_WW__001.trimmed.sorted.bam	37.4
09_10_24_SBSEP03_R1__E0000000__X00__240912_SG_WW__001.trimmed.sorted.bam	37.5
09_10_24_SBSEP05_R2__E0000000__X00__240912_SG_WW__001.trimmed.sorted.bam	38.2
09_10_24_SBSEP08_R1__E0000000__X00__240912_SG_WW__001.trimmed.sorted.bam	37.4
09_16_24_ENCSEP010_R2__E0000000__X00__241003_SG_WW_1__001.trimmed.sorted.bam	37.5
09_16_24_ENCSEP09_R2__E0000000__X00__241003_SG_WW_1__001.trimmed.sorted.bam	37.4
09_16_24_ENCSEP13_R1__E0000000__X00__241003_SG_WW_1__001.trimmed.sorted.bam	37.5
09_16_24_PLSEP08_R2__E0000000__X00__241003_SG_WW_1__001.trimmed.sorted.bam	37.6
09_16_24_PLSEP10_R1__E0000000__X00__241003_SG_WW_1__001.trimmed.sorted.bam	37.5
09_16_24_PLSEP11_R1__E0000000__X00__241003_SG_WW_1__001.trimmed.sorted.bam	37.5
09_16_24_SBSEP10_R1__E0000000__X00__241003_SG_WW_1__001.trimmed.sorted.bam	37.4
09_16_24_SBSEP12_R1__E0000000__X00__241003_SG_WW_1__001.trimmed.sorted.bam	37.6
09_23_24_ENCSEP18_R2__E0000000__X00__241003_SG_WW_2__001.trimmed.sorted.bam	37.6
09_23_24_ENCSEP19_R2__E0000000__X00__241003_SG_WW_2__001.trimmed.sorted.bam	37.6
09_23_24_PLSEP15_R1__E0000000__X00__241003_SG_WW_2__001.trimmed.sorted.bam	37.7
09_23_24_PLSEP16_R2__E0000000__X00__241003_SG_WW_2__001.trimmed.sorted.bam	37.8
09_23_24_PLSEP17_R1__E0000000__X00__241003_SG_WW_2__001.trimmed.sorted.bam	37.7
09_23_24_PLSEP18_R2__E0000000__X00__241003_SG_WW_2__001.trimmed.sorted.bam	37.7
09_23_24_SBSEP17_R2__E0000000__X00__241003_SG_WW_2__001.trimmed.sorted.bam	37.6
09_23_24_SBSEP22_R2__E0000000__X00__241003_SG_WW_2__001.trimmed.sorted.bam	37.6
09_30_24_ENCSEP23_R1__E0000000__X00__241003_SG_WW_4__001.trimmed.sorted.bam	37.4
09_30_24_ENCSEP24_R2__E0000000__X00__241003_SG_WW_4__001.trimmed.sorted.bam	37.4
09_30_24_ENCSEP27_R1__E0000000__X00__241003_SG_WW_4__001.trimmed.sorted.bam	37.5
09_30_24_PLSEP22_R1__E0000000__X00__241003_SG_WW_4__001.trimmed.sorted.bam	37.5
09_30_24_PLSEP23_R2__E0000000__X00__241003_SG_WW_4__001.trimmed.sorted.bam	37.6
09_30_24_PLSEP25_R1__E0000000__X00__241003_SG_WW_4__001.trimmed.sorted.bam	37.6
09_30_24_SBSEP24_R2__E0000000__X00__241003_SG_WW_4__001.trimmed.sorted.bam	37.5
09_30_24_SBSEP26_R2__E0000000__X00__241003_SG_WW_4__001.trimmed.sorted.bam	37.5
10.04.23.ENCOCT02.R2__NA__NA__231006_WW__00X.trimmed.sorted.unfiltered.bam	21.9
10.04.23.ENCSEP27.R2__NA__NA__231006_WW__00X.trimmed.sorted.unfiltered.bam	22.0
10.04.23.PLOCT01.R1__NA__NA__231006_WW__00X.trimmed.sorted.unfiltered.bam	22.1
10.04.23.PLOCT02.R1__NA__NA__231006_WW__00X.trimmed.sorted.unfiltered.bam	21.9
10.04.23.SBOCT01.R1__NA__NA__231006_WW__00X.trimmed.sorted.unfiltered.bam	22.0
10.04.23.SBSEP28.R2__NA__NA__231006_WW__00X.trimmed.sorted.unfiltered.bam	21.9
10.06.23.PLOCT03.R2__NA__NA__231006_WW__00X.trimmed.sorted.unfiltered.bam	21.8
10.06.23.PLOCT04.R1__NA__NA__231006_WW__00X.trimmed.sorted.unfiltered.bam	21.8
10_07_24_ENCOCT01_R1__E0000000__X00__241018_SG_WW__001.trimmed.sorted.bam	37.4
10_07_24_ENCOCT02_R2__E0000000__X00__241018_SG_WW__001.trimmed.sorted.bam	37.6
10_07_24_PLOCT02_R1__E0000000__X00__241018_SG_WW__001.trimmed.sorted.bam	37.5
10_07_24_PLSEP29_R1__E0000000__X00__241018_SG_WW__001.trimmed.sorted.bam	37.6
10_07_24_PLSEP29_R2__E0000000__X00__241018_SG_WW__001.trimmed.sorted.bam	37.4
10_07_24_PLSEP30_R2__E0000000__X00__241018_SG_WW__001.trimmed.sorted.bam	37.5
10_07_24_SBOCT01_R1__E0000000__X00__241018_SG_WW__001.trimmed.sorted.bam	37.5
10_07_24_SBOCT03_R2__E0000000__X00__241018_SG_WW__001.trimmed.sorted.bam	37.6
10.11.23.ENCOCT05.R2.rerun__NA__NA__231023_WW__00X.trimmed.sorted.unfiltered.bam	22.4
10.11.23.ENCOCT09.R2.rerun__NA__NA__231023_WW__00X.trimmed.sorted.unfiltered.bam	22.5
10.11.23.PLOCT08.R1.rerun__NA__NA__231023_WW__00X.trimmed.sorted.unfiltered.bam	22.5
10.11.23.PLOCT09.R2.rerun__NA__NA__231023_WW__00X.trimmed.sorted.unfiltered.bam	22.5
10.11.23.SBOCT05.R1.rerun__NA__NA__231023_WW__00X.trimmed.sorted.unfiltered.bam	22.4
10.11.23.SBOCT08.R1.rerun__NA__NA__231023_WW__00X.trimmed.sorted.unfiltered.bam	22.6
10.13.23.PLOCT10.R2.rerun__NA__NA__231023_WW__00X.trimmed.sorted.unfiltered.bam	22.6
10.13.23.PLOCT11.R2.rerun__NA__NA__231023_WW__00X.trimmed.sorted.unfiltered.bam	22.5
10.18.23.ENCOCT13.R2__NA__NA__231027_WW__00X.trimmed.sorted.unfiltered.bam	23.0
10.18.23.ENCOCT16.R1__NA__NA__231027_WW__00X.trimmed.sorted.unfiltered.bam	22.9
10.18.23.PLOCT15.R2__NA__NA__231027_WW__00X.trimmed.sorted.unfiltered.bam	22.9
10.18.23.PLOCT16.R2__NA__NA__231027_WW__00X.trimmed.sorted.unfiltered.bam	22.9
10.18.23.SBOCT15.R1__NA__NA__231027_WW__00X.trimmed.sorted.unfiltered.bam	22.9
10.18.23.SBOCT17.R1__NA__NA__231027_WW__00X.trimmed.sorted.unfiltered.bam	22.9
10.20.23.PLOCT17.R2__NA__NA__231027_WW__00X.trimmed.sorted.unfiltered.bam	22.9
10.20.23.PLOCT18.R2__NA__NA__231027_WW__00X.trimmed.sorted.unfiltered.bam	22.8
10_21_24_ENCOCT14_R2__E0000000__X00__241024_SG_WW__001.trimmed.sorted.bam	37.1
10_21_24_ENCOCT14_R2__E0000000__X00__241024_SG_WW_combined__001.trimmed.sorted.bam	37.3
10_21_24_ENCOCT14_R2__E0000000__X00__241101_SG_WW_2__001.trimmed.sorted.bam	37.5
10_21_24_ENCOCT14_R2__E0000000__X00__241101_SG_WW_2_separate__001.trimmed.sorted.bam	37.6
10_21_24_ENCOCT14_R2_L001__E0000000__X00__241101_SG_WW_2_separate__001.trimmed.sorted.bam	37.6
10_21_24_ENCOCT14_R2_L002__E0000000__X00__241101_SG_WW_2_separate__001.trimmed.sorted.bam	37.6
10_21_24_ENCOCT14_R2_L003__E0000000__X00__241101_SG_WW_2_separate__001.trimmed.sorted.bam	37.6
10_21_24_ENCOCT14_R2_L004__E0000000__X00__241101_SG_WW_2_separate__001.trimmed.sorted.bam	37.4
10_21_24_ENCOCT16_R1__E0000000__X00__241024_SG_WW__001.trimmed.sorted.bam	37.1
10_21_24_ENCOCT16_R1__E0000000__X00__241024_SG_WW_combined__001.trimmed.sorted.bam	37.3
10_21_24_ENCOCT16_R1__E0000000__X00__241101_SG_WW_2__001.trimmed.sorted.bam	37.5
10_21_24_ENCOCT16_R1__E0000000__X00__241101_SG_WW_2_separate__001.trimmed.sorted.bam	37.6
10_21_24_ENCOCT16_R1_L001__E0000000__X00__241101_SG_WW_2_separate__001.trimmed.sorted.bam	37.6
10_21_24_ENCOCT16_R1_L002__E0000000__X00__241101_SG_WW_2_separate__001.trimmed.sorted.bam	37.6
10_21_24_ENCOCT16_R1_L003__E0000000__X00__241101_SG_WW_2_separate__001.trimmed.sorted.bam	37.6
10_21_24_ENCOCT16_R1_L004__E0000000__X00__241101_SG_WW_2_separate__001.trimmed.sorted.bam	37.4
10_21_24_PLOCT13_R1__E0000000__X00__241024_SG_WW__001.trimmed.sorted.bam	37.1
10_21_24_PLOCT13_R1__E0000000__X00__241024_SG_WW_combined__001.trimmed.sorted.bam	37.3
10_21_24_PLOCT13_R1__E0000000__X00__241101_SG_WW_2__001.trimmed.sorted.bam	37.6
10_21_24_PLOCT13_R1__E0000000__X00__241101_SG_WW_2_separate__001.trimmed.sorted.bam	37.6
10_21_24_PLOCT13_R1_L001__E0000000__X00__241101_SG_WW_2_separate__001.trimmed.sorted.bam	37.6
10_21_24_PLOCT13_R1_L002__E0000000__X00__241101_SG_WW_2_separate__001.trimmed.sorted.bam	37.6
10_21_24_PLOCT13_R1_L003__E0000000__X00__241101_SG_WW_2_separate__001.trimmed.sorted.bam	37.6
10_21_24_PLOCT13_R1_L004__E0000000__X00__241101_SG_WW_2_separate__001.trimmed.sorted.bam	37.4
10_21_24_PLOCT14_R1__E0000000__X00__241024_SG_WW__001.trimmed.sorted.bam	37.0
10_21_24_PLOCT14_R1__E0000000__X00__241024_SG_WW_combined__001.trimmed.sorted.bam	37.3
10_21_24_PLOCT14_R1__E0000000__X00__241101_SG_WW_2__001.trimmed.sorted.bam	37.5
10_21_24_PLOCT14_R1__E0000000__X00__241101_SG_WW_2_separate__001.trimmed.sorted.bam	37.6
10_21_24_PLOCT14_R1_L001__E0000000__X00__241101_SG_WW_2_separate__001.trimmed.sorted.bam	37.6
10_21_24_PLOCT14_R1_L002__E0000000__X00__241101_SG_WW_2_separate__001.trimmed.sorted.bam	37.6
10_21_24_PLOCT14_R1_L003__E0000000__X00__241101_SG_WW_2_separate__001.trimmed.sorted.bam	37.5
10_21_24_PLOCT14_R1_L004__E0000000__X00__241101_SG_WW_2_separate__001.trimmed.sorted.bam	37.4
10_21_24_PLOCT15_R2__E0000000__X00__241024_SG_WW__001.trimmed.sorted.bam	37.2
10_21_24_PLOCT15_R2__E0000000__X00__241024_SG_WW_combined__001.trimmed.sorted.bam	37.5
10_21_24_PLOCT15_R2__E0000000__X00__241101_SG_WW_2__001.trimmed.sorted.bam	37.8
10_21_24_PLOCT15_R2__E0000000__X00__241101_SG_WW_2_separate__001.trimmed.sorted.bam	37.9
10_21_24_PLOCT15_R2_L001__E0000000__X00__241101_SG_WW_2_separate__001.trimmed.sorted.bam	37.9
10_21_24_PLOCT15_R2_L002__E0000000__X00__241101_SG_WW_2_separate__001.trimmed.sorted.bam	37.8
10_21_24_PLOCT15_R2_L003__E0000000__X00__241101_SG_WW_2_separate__001.trimmed.sorted.bam	38.0
10_21_24_PLOCT15_R2_L004__E0000000__X00__241101_SG_WW_2_separate__001.trimmed.sorted.bam	37.6
10_21_24_PLOCT16_R1__E0000000__X00__241024_SG_WW__001.trimmed.sorted.bam	37.2
10_21_24_PLOCT16_R1__E0000000__X00__241024_SG_WW_combined__001.trimmed.sorted.bam	37.4
10_21_24_PLOCT16_R1__E0000000__X00__241101_SG_WW_2__001.trimmed.sorted.bam	37.7
10_21_24_PLOCT16_R1__E0000000__X00__241101_SG_WW_2_separate__001.trimmed.sorted.bam	37.8
10_21_24_PLOCT16_R1_L001__E0000000__X00__241101_SG_WW_2_separate__001.trimmed.sorted.bam	37.8
10_21_24_PLOCT16_R1_L002__E0000000__X00__241101_SG_WW_2_separate__001.trimmed.sorted.bam	37.7
10_21_24_PLOCT16_R1_L003__E0000000__X00__241101_SG_WW_2_separate__001.trimmed.sorted.bam	37.7
10_21_24_PLOCT16_R1_L004__E0000000__X00__241101_SG_WW_2_separate__001.trimmed.sorted.bam	37.5
10_21_24_SBOCT17_R2__E0000000__X00__241024_SG_WW__001.trimmed.sorted.bam	37.0
10_21_24_SBOCT17_R2__E0000000__X00__241024_SG_WW_combined__001.trimmed.sorted.bam	37.2
10_21_24_SBOCT17_R2__E0000000__X00__241101_SG_WW_2__001.trimmed.sorted.bam	37.5
10_21_24_SBOCT17_R2__E0000000__X00__241101_SG_WW_2_separate__001.trimmed.sorted.bam	37.5
10_21_24_SBOCT17_R2_L001__E0000000__X00__241101_SG_WW_2_separate__001.trimmed.sorted.bam	37.5
10_21_24_SBOCT17_R2_L002__E0000000__X00__241101_SG_WW_2_separate__001.trimmed.sorted.bam	37.5
10_21_24_SBOCT17_R2_L003__E0000000__X00__241101_SG_WW_2_separate__001.trimmed.sorted.bam	37.5
10_21_24_SBOCT17_R2_L004__E0000000__X00__241101_SG_WW_2_separate__001.trimmed.sorted.bam	37.3
10_21_24_SBOCT20_R1__E0000000__X00__241024_SG_WW__001.trimmed.sorted.bam	37.1
10_21_24_SBOCT20_R1__E0000000__X00__241024_SG_WW_combined__001.trimmed.sorted.bam	37.3
10_21_24_SBOCT20_R1__E0000000__X00__241101_SG_WW_2__001.trimmed.sorted.bam	37.6
10_21_24_SBOCT20_R1__E0000000__X00__241101_SG_WW_2_separate__001.trimmed.sorted.bam	37.6
10_21_24_SBOCT20_R1_L001__E0000000__X00__241101_SG_WW_2_separate__001.trimmed.sorted.bam	37.6
10_21_24_SBOCT20_R1_L002__E0000000__X00__241101_SG_WW_2_separate__001.trimmed.sorted.bam	37.6
10_21_24_SBOCT20_R1_L003__E0000000__X00__241101_SG_WW_2_separate__001.trimmed.sorted.bam	37.6
10_21_24_SBOCT20_R1_L004__E0000000__X00__241101_SG_WW_2_separate__001.trimmed.sorted.bam	37.5
10.25.23.ENCOCT19.R2__NA__NA__231027_WW__00X.trimmed.sorted.unfiltered.bam	22.9
10.25.23.ENCOCT20.R2__NA__NA__231027_WW__00X.trimmed.sorted.unfiltered.bam	23.0
10.25.23.PLOCT22.R2__NA__NA__231027_WW__00X.trimmed.sorted.unfiltered.bam	22.9
10.25.23.PLOCT23.R2__NA__NA__231027_WW__00X.trimmed.sorted.unfiltered.bam	22.8
10.25.23.SBOCT19.R1__NA__NA__231027_WW__00X.trimmed.sorted.unfiltered.bam	23.0
10.25.23.SBOCT24.R1__NA__NA__231027_WW__00X.trimmed.sorted.unfiltered.bam	23.0
10.27.23.PLOCT24.R2__NA__NA__231027_WW__00X.trimmed.sorted.unfiltered.bam	23.0
10.27.23.PLOCT25.R1__NA__NA__231027_WW__00X.trimmed.sorted.unfiltered.bam	23.0
10_28_24_ENCOCT21_R2__E0000000__X00__241101_SG_WW_3__001.trimmed.sorted.bam	37.2
10_28_24_PLOCT20_R1__E0000000__X00__241101_SG_WW_3__001.trimmed.sorted.bam	37.4
10_28_24_PLOCT21_R2__E0000000__X00__241101_SG_WW_3__001.trimmed.sorted.bam	37.1
10_28_24_PLOCT22_R1__E0000000__X00__241101_SG_WW_3__001.trimmed.sorted.bam	37.1
10_28_24_PLOCT23_R2__E0000000__X00__241101_SG_WW_3__001.trimmed.sorted.bam	37.4
10_28_24_SBOCT22_R2__E0000000__X00__241101_SG_WW_3__001.trimmed.sorted.bam	37.3
10_28_24_SBOCT24_R2__E0000000__X00__241101_SG_WW_3__001.trimmed.sorted.bam	37.2
10_28_24_SBOCT27_R2__E0000000__X00__241101_SG_WW_3__001.trimmed.sorted.bam	37.1
1.04.23.ENCDEC30.R1__NA__NA__230107_WW__00X.trimmed.sorted.unfiltered.bam	22.2
1.04.23.ENCJAN04.R1__NA__NA__230107_WW__00X.trimmed.sorted.unfiltered.bam	22.2
1.05.23.PLJAN01.R1__NA__NA__230107_WW__00X.trimmed.sorted.unfiltered.bam	22.0
1.05.23.PLJAN02.R1__NA__NA__230107_WW__00X.trimmed.sorted.unfiltered.bam	22.1
1.05.23.PLJAN03.R1__NA__NA__230107_WW__00X.trimmed.sorted.unfiltered.bam	22.1
1.05.23.PLJAN04.R1__NA__NA__230107_WW__00X.trimmed.sorted.unfiltered.bam	22.4
1.05.23.SBDEC30.R1__NA__NA__230107_WW__00X.trimmed.sorted.unfiltered.bam	22.2
1.05.23.SBJAN03.R2__NA__NA__230107_WW__00X.trimmed.sorted.unfiltered.bam	22.1
11.01.23.ENCOCT26.R2__NA__NA__231109_WW__00X.trimmed.sorted.unfiltered.bam	21.9
11.01.23.ENCOCT27.R1__NA__NA__231109_WW__00X.trimmed.sorted.unfiltered.bam	21.9
11.01.23.PLOCT29.R2__NA__NA__231109_WW__00X.trimmed.sorted.unfiltered.bam	21.9
11.01.23.PLOCT30.R1__NA__NA__231109_WW__00X.trimmed.sorted.unfiltered.bam	22.0
11.01.23.SBOCT26.R1__NA__NA__231109_WW__00X.trimmed.sorted.unfiltered.bam	22.0
11.01.23.SBOCT31.R2__NA__NA__231109_WW__00X.trimmed.sorted.unfiltered.bam	21.9
1.10.23.ENCJAN05.R2__NA__NA__230112_WW__00X.trimmed.sorted.unfiltered.bam	23.1
1.10.23.ENCJAN06.R1__NA__NA__230112_WW__00X.trimmed.sorted.unfiltered.bam	23.1
1.10.23.ENCJAN09.R2__NA__NA__230112_WW__00X.trimmed.sorted.unfiltered.bam	23.2
11.03.23.PLNOV01.R2__NA__NA__231109_WW__00X.trimmed.sorted.unfiltered.bam	21.9
11.03.23.PLOCT31.R1__NA__NA__231109_WW__00X.trimmed.sorted.unfiltered.bam	21.8
11_04_24_ENCNOV01_R2_combined__E0000000__X00__241107_SG_WW_combined__001.trimmed.sorted.bam	37.5
11_04_24_ENCNOV01_R2__E0000000__X00__241107_SG_WW_3__001.trimmed.sorted.bam	37.3
11_04_24_ENCNOV01_R2_Z__E0000000__X00__241107_SG_WW_4__001.trimmed.sorted.bam	37.6
11_04_24_ENCOCT29_R1_combined__E0000000__X00__241107_SG_WW_combined__001.trimmed.sorted.bam	37.5
11_04_24_ENCOCT29_R1__E0000000__X00__241107_SG_WW_3__001.trimmed.sorted.bam	37.3
11_04_24_ENCOCT29_R1_Z__E0000000__X00__241107_SG_WW_4__001.trimmed.sorted.bam	37.7
11_04_24_ENCOCT30_R2_combined__E0000000__X00__241107_SG_WW_combined__001.trimmed.sorted.bam	37.5
11_04_24_ENCOCT30_R2__E0000000__X00__241107_SG_WW_3__001.trimmed.sorted.bam	37.2
11_04_24_ENCOCT30_R2_Z__E0000000__X00__241107_SG_WW_4__001.trimmed.sorted.bam	37.7
11_04_24_PLOCT27_R1_combined__E0000000__X00__241107_SG_WW_combined__001.trimmed.sorted.bam	37.6
11_04_24_PLOCT27_R1__E0000000__X00__241107_SG_WW_3__001.trimmed.sorted.bam	37.2
11_04_24_PLOCT27_R1_Z__E0000000__X00__241107_SG_WW_4__001.trimmed.sorted.bam	37.8
11_04_24_PLOCT28_R2_combined__E0000000__X00__241107_SG_WW_combined__001.trimmed.sorted.bam	37.6
11_04_24_PLOCT28_R2__E0000000__X00__241107_SG_WW_3__001.trimmed.sorted.bam	37.3
11_04_24_PLOCT28_R2_Z__E0000000__X00__241107_SG_WW_4__001.trimmed.sorted.bam	37.7
11_04_24_PLOCT29_R2_combined__E0000000__X00__241107_SG_WW_combined__001.trimmed.sorted.bam	37.4
11_04_24_PLOCT29_R2__E0000000__X00__241107_SG_WW_3__001.trimmed.sorted.bam	37.2
11_04_24_PLOCT29_R2_Z__E0000000__X00__241107_SG_WW_4__001.trimmed.sorted.bam	37.7
11_04_24_SBOCT29_R1_combined__E0000000__X00__241107_SG_WW_combined__001.trimmed.sorted.bam	37.6
11_04_24_SBOCT29_R1__E0000000__X00__241107_SG_WW_3__001.trimmed.sorted.bam	37.4
11_04_24_SBOCT29_R1_Z__E0000000__X00__241107_SG_WW_4__001.trimmed.sorted.bam	37.8
11_04_24_SBOCT31_R1_combined__E0000000__X00__241107_SG_WW_combined__001.trimmed.sorted.bam	37.5
11_04_24_SBOCT31_R1__E0000000__X00__241107_SG_WW_3__001.trimmed.sorted.bam	37.2
11_04_24_SBOCT31_R1_Z__E0000000__X00__241107_SG_WW_4__001.trimmed.sorted.bam	37.7
11.08.23.ENCNOV06.R1__NA__NA__231109_WW__00X.trimmed.sorted.unfiltered.bam	21.9
11.08.23.ENCNOV07.R2__NA__NA__231109_WW__00X.trimmed.sorted.unfiltered.bam	21.8
11.08.23.PLNOV05.R1__NA__NA__231109_WW__00X.trimmed.sorted.unfiltered.bam	21.9
11.08.23.PLNOV06.R1__NA__NA__231109_WW__00X.trimmed.sorted.unfiltered.bam	22.0
11.08.23.SBNOV02.R1__NA__NA__231109_WW__00X.trimmed.sorted.unfiltered.bam	21.9
11.08.23.SBNOV05.R1__NA__NA__231109_WW__00X.trimmed.sorted.unfiltered.bam	22.0
11_12_24_ENCNOV05_R2__E0000000__X00__241115_SG_WW__001.trimmed.sorted.bam	37.7
11_12_24_ENCNOV06_R1__E0000000__X00__241115_SG_WW__001.trimmed.sorted.bam	37.5
11_12_24_ENCNOV08_R1__E0000000__X00__241115_SG_WW__001.trimmed.sorted.bam	37.6
11_12_24_PLNOV03_R2__E0000000__X00__241115_SG_WW__001.trimmed.sorted.bam	37.8
11_12_24_PLNOV05_R1__E0000000__X00__241115_SG_WW__001.trimmed.sorted.bam	37.7
11_12_24_PLNOV06_R1__E0000000__X00__241115_SG_WW__001.trimmed.sorted.bam	37.6
11_12_24_SBNOV07_R2__E0000000__X00__241115_SG_WW__001.trimmed.sorted.bam	37.6
11_12_24_SBNOV10_R1__E0000000__X00__241115_SG_WW__001.trimmed.sorted.bam	37.6
11.13.23.PLNOV07.R2__NA__NA__231117_WW__00X.trimmed.sorted.unfiltered.bam	23.0
11.13.23.PLNOV08.R2__NA__NA__231117_WW__00X.trimmed.sorted.unfiltered.bam	22.9
11.15.23.ENCNOV09.R1__NA__NA__231117_WW__00X.trimmed.sorted.unfiltered.bam	23.0
11.15.23.ENCNOV14.R2__NA__NA__231117_WW__00X.trimmed.sorted.unfiltered.bam	23.0
11.15.23.PLNOV12.R1__NA__NA__231117_WW__00X.trimmed.sorted.unfiltered.bam	22.9
11.15.23.PLNOV13.R2__NA__NA__231117_WW__00X.trimmed.sorted.unfiltered.bam	22.9
11.17.23.PLNOV14.R1__NA__NA__231117_WW__00X.trimmed.sorted.unfiltered.bam	22.9
11.17.23.PLNOV15.R1__NA__NA__231117_WW__00X.trimmed.sorted.unfiltered.bam	22.8
11_18_24_ENCNOV12_R2__E0000000__X00__241125_SG_WW_2_separate__001.trimmed.sorted.bam	37.7
11_18_24_ENCNOV12_R2__E0000000__X00__241125_SG_WW_combined__001.trimmed.sorted.bam	37.7
11_18_24_ENCNOV12_R2_L001__E0000000__X00__241125_SG_WW_2_separate__001.trimmed.sorted.bam	37.7
11_18_24_ENCNOV12_R2_L002__E0000000__X00__241125_SG_WW_1_separate__001.trimmed.sorted.bam	37.7
11_18_24_ENCNOV12_R2_L002__E0000000__X00__241125_SG_WW_2_separate__001.trimmed.sorted.bam	37.7
11_18_24_ENCNOV12_R2_L003__E0000000__X00__241125_SG_WW_1_separate__001.trimmed.sorted.bam	37.6
11_18_24_ENCNOV12_R2_L003__E0000000__X00__241125_SG_WW_2_separate__001.trimmed.sorted.bam	37.7
11_18_24_ENCNOV12_R2_L004__E0000000__X00__241125_SG_WW_1_separate__001.trimmed.sorted.bam	37.4
11_18_24_ENCNOV12_R2_L004__E0000000__X00__241125_SG_WW_2_separate__001.trimmed.sorted.bam	37.5
11_18_24_ENCNOV14_R2__E0000000__X00__241125_SG_WW_2_separate__001.trimmed.sorted.bam	37.6
11_18_24_ENCNOV14_R2__E0000000__X00__241125_SG_WW_combined__001.trimmed.sorted.bam	37.6
11_18_24_ENCNOV14_R2_L001__E0000000__X00__241125_SG_WW_2_separate__001.trimmed.sorted.bam	37.6
11_18_24_ENCNOV14_R2_L002__E0000000__X00__241125_SG_WW_1_separate__001.trimmed.sorted.bam	37.6
11_18_24_ENCNOV14_R2_L002__E0000000__X00__241125_SG_WW_2_separate__001.trimmed.sorted.bam	37.6
11_18_24_ENCNOV14_R2_L003__E0000000__X00__241125_SG_WW_1_separate__001.trimmed.sorted.bam	37.5
11_18_24_ENCNOV14_R2_L003__E0000000__X00__241125_SG_WW_2_separate__001.trimmed.sorted.bam	37.6
11_18_24_ENCNOV14_R2_L004__E0000000__X00__241125_SG_WW_1_separate__001.trimmed.sorted.bam	37.4
11_18_24_ENCNOV14_R2_L004__E0000000__X00__241125_SG_WW_2_separate__001.trimmed.sorted.bam	37.3
11_18_24_PLNOV10_R1__E0000000__X00__241125_SG_WW_2_separate__001.trimmed.sorted.bam	37.7
11_18_24_PLNOV10_R1__E0000000__X00__241125_SG_WW_combined__001.trimmed.sorted.bam	37.7
11_18_24_PLNOV10_R1_L001__E0000000__X00__241125_SG_WW_2_separate__001.trimmed.sorted.bam	37.7
11_18_24_PLNOV10_R1_L002__E0000000__X00__241125_SG_WW_1_separate__001.trimmed.sorted.bam	37.7
11_18_24_PLNOV10_R1_L002__E0000000__X00__241125_SG_WW_2_separate__001.trimmed.sorted.bam	37.6
11_18_24_PLNOV10_R1_L003__E0000000__X00__241125_SG_WW_1_separate__001.trimmed.sorted.bam	37.6
11_18_24_PLNOV10_R1_L003__E0000000__X00__241125_SG_WW_2_separate__001.trimmed.sorted.bam	37.7
11_18_24_PLNOV10_R1_L004__E0000000__X00__241125_SG_WW_1_separate__001.trimmed.sorted.bam	37.4
11_18_24_PLNOV10_R1_L004__E0000000__X00__241125_SG_WW_2_separate__001.trimmed.sorted.bam	37.5
11_18_24_PLNOV11_R2__E0000000__X00__241125_SG_WW_2_separate__001.trimmed.sorted.bam	37.7
11_18_24_PLNOV11_R2__E0000000__X00__241125_SG_WW_combined__001.trimmed.sorted.bam	37.6
11_18_24_PLNOV11_R2_L001__E0000000__X00__241125_SG_WW_2_separate__001.trimmed.sorted.bam	37.7
11_18_24_PLNOV11_R2_L002__E0000000__X00__241125_SG_WW_1_separate__001.trimmed.sorted.bam	37.7
11_18_24_PLNOV11_R2_L002__E0000000__X00__241125_SG_WW_2_separate__001.trimmed.sorted.bam	37.7
11_18_24_PLNOV11_R2_L003__E0000000__X00__241125_SG_WW_1_separate__001.trimmed.sorted.bam	37.6
11_18_24_PLNOV11_R2_L003__E0000000__X00__241125_SG_WW_2_separate__001.trimmed.sorted.bam	37.7
11_18_24_PLNOV11_R2_L004__E0000000__X00__241125_SG_WW_1_separate__001.trimmed.sorted.bam	37.4
11_18_24_PLNOV11_R2_L004__E0000000__X00__241125_SG_WW_2_separate__001.trimmed.sorted.bam	37.5
11_18_24_PLNOV12_R1__E0000000__X00__241125_SG_WW_2_separate__001.trimmed.sorted.bam	37.7
11_18_24_PLNOV12_R1__E0000000__X00__241125_SG_WW_combined__001.trimmed.sorted.bam	37.7
11_18_24_PLNOV12_R1_L001__E0000000__X00__241125_SG_WW_2_separate__001.trimmed.sorted.bam	37.7
11_18_24_PLNOV12_R1_L002__E0000000__X00__241125_SG_WW_1_separate__001.trimmed.sorted.bam	37.8
11_18_24_PLNOV12_R1_L002__E0000000__X00__241125_SG_WW_2_separate__001.trimmed.sorted.bam	37.7
11_18_24_PLNOV12_R1_L003__E0000000__X00__241125_SG_WW_1_separate__001.trimmed.sorted.bam	37.6
11_18_24_PLNOV12_R1_L003__E0000000__X00__241125_SG_WW_2_separate__001.trimmed.sorted.bam	37.7
11_18_24_PLNOV12_R1_L004__E0000000__X00__241125_SG_WW_1_separate__001.trimmed.sorted.bam	37.5
11_18_24_PLNOV12_R1_L004__E0000000__X00__241125_SG_WW_2_separate__001.trimmed.sorted.bam	37.5
11_18_24_PLNOV13_R1__E0000000__X00__241125_SG_WW_2_separate__001.trimmed.sorted.bam	37.6
11_18_24_PLNOV13_R1__E0000000__X00__241125_SG_WW_combined__001.trimmed.sorted.bam	37.6
11_18_24_PLNOV13_R1_L001__E0000000__X00__241125_SG_WW_2_separate__001.trimmed.sorted.bam	37.6
11_18_24_PLNOV13_R1_L002__E0000000__X00__241125_SG_WW_1_separate__001.trimmed.sorted.bam	37.6
11_18_24_PLNOV13_R1_L002__E0000000__X00__241125_SG_WW_2_separate__001.trimmed.sorted.bam	37.6
11_18_24_PLNOV13_R1_L003__E0000000__X00__241125_SG_WW_1_separate__001.trimmed.sorted.bam	37.5
11_18_24_PLNOV13_R1_L003__E0000000__X00__241125_SG_WW_2_separate__001.trimmed.sorted.bam	37.6
11_18_24_PLNOV13_R1_L004__E0000000__X00__241125_SG_WW_1_separate__001.trimmed.sorted.bam	37.3
11_18_24_PLNOV13_R1_L004__E0000000__X00__241125_SG_WW_2_separate__001.trimmed.sorted.bam	37.4
11_18_24_SBNOV12_R2__E0000000__X00__241125_SG_WW_2_separate__001.trimmed.sorted.bam	37.8
11_18_24_SBNOV12_R2__E0000000__X00__241125_SG_WW_combined__001.trimmed.sorted.bam	37.8
11_18_24_SBNOV12_R2_L001__E0000000__X00__241125_SG_WW_2_separate__001.trimmed.sorted.bam	37.8
11_18_24_SBNOV12_R2_L002__E0000000__X00__241125_SG_WW_1_separate__001.trimmed.sorted.bam	37.8
11_18_24_SBNOV12_R2_L002__E0000000__X00__241125_SG_WW_2_separate__001.trimmed.sorted.bam	37.8
11_18_24_SBNOV12_R2_L003__E0000000__X00__241125_SG_WW_1_separate__001.trimmed.sorted.bam	37.7
11_18_24_SBNOV12_R2_L003__E0000000__X00__241125_SG_WW_2_separate__001.trimmed.sorted.bam	37.8
11_18_24_SBNOV12_R2_L004__E0000000__X00__241125_SG_WW_1_separate__001.trimmed.sorted.bam	37.5
11_18_24_SBNOV12_R2_L004__E0000000__X00__241125_SG_WW_2_separate__001.trimmed.sorted.bam	37.6
11_18_24_SBNOV17_R2__E0000000__X00__241125_SG_WW_2_separate__001.trimmed.sorted.bam	37.7
11_18_24_SBNOV17_R2__E0000000__X00__241125_SG_WW_combined__001.trimmed.sorted.bam	37.7
11_18_24_SBNOV17_R2_L001__E0000000__X00__241125_SG_WW_2_separate__001.trimmed.sorted.bam	37.7
11_18_24_SBNOV17_R2_L002__E0000000__X00__241125_SG_WW_1_separate__001.trimmed.sorted.bam	37.7
11_18_24_SBNOV17_R2_L002__E0000000__X00__241125_SG_WW_2_separate__001.trimmed.sorted.bam	37.7
11_18_24_SBNOV17_R2_L003__E0000000__X00__241125_SG_WW_1_separate__001.trimmed.sorted.bam	37.6
11_18_24_SBNOV17_R2_L003__E0000000__X00__241125_SG_WW_2_separate__001.trimmed.sorted.bam	37.7
11_18_24_SBNOV17_R2_L004__E0000000__X00__241125_SG_WW_1_separate__001.trimmed.sorted.bam	37.4
11_18_24_SBNOV17_R2_L004__E0000000__X00__241125_SG_WW_2_separate__001.trimmed.sorted.bam	37.5
11.22.23.ENCNOV15.R1.rerun__NA__NA__231207_WW__00X.trimmed.sorted.unfiltered.bam	22.3
11.22.23.ENCNOV20.R2.rerun__NA__NA__231207_WW__00X.trimmed.sorted.unfiltered.bam	22.2
11.22.23.PLNOV19.R2.rerun__NA__NA__231207_WW__00X.trimmed.sorted.unfiltered.bam	22.2
11.22.23.PLNOV20.R2.rerun__NA__NA__231207_WW__00X.trimmed.sorted.unfiltered.bam	22.2
11.22.23.SBNOV19.R2.rerun__NA__NA__231207_WW__00X.trimmed.sorted.unfiltered.bam	22.3
11.22.23.SBNOV21.R1.rerun__NA__NA__231207_WW__00X.trimmed.sorted.unfiltered.bam	22.1
1.12.23.PLJAN08.R1__NA__NA__230112_WW__00X.trimmed.sorted.unfiltered.bam	23.1
1.12.23.PLJAN09.R1__NA__NA__230112_WW__00X.trimmed.sorted.unfiltered.bam	23.2
1.12.23.PLJAN10.R1__NA__NA__230112_WW__00X.trimmed.sorted.unfiltered.bam	23.1
1.12.23.PLJAN11.R1__NA__NA__230112_WW__00X.trimmed.sorted.unfiltered.bam	23.1
1.12.23.SBJAN10.R2__NA__NA__230112_WW__00X.trimmed.sorted.unfiltered.bam	23.2
11_25_24_ENCNOV20_R1__E0000000__X00__241205_SG_WW_3__001.trimmed.sorted.bam	37.6
11_25_24_ENCNOV21_R2__E0000000__X00__241205_SG_WW_3__001.trimmed.sorted.bam	37.6
11_25_24_PLNOV17_R2__E0000000__X00__241205_SG_WW_3__001.trimmed.sorted.bam	37.7
11_25_24_PLNOV18_R2__E0000000__X00__241205_SG_WW_3__001.trimmed.sorted.bam	37.7
11_25_24_PLNOV19_R1__E0000000__X00__241205_SG_WW_3__001.trimmed.sorted.bam	37.7
11_25_24_PLNOV20_R2__E0000000__X00__241205_SG_WW_3__001.trimmed.sorted.bam	37.7
11_25_24_SBNOV19_R2__E0000000__X00__241205_SG_WW_3__001.trimmed.sorted.bam	37.6
11_25_24_SBNOV21_R2__E0000000__X00__241205_SG_WW_3__001.trimmed.sorted.bam	37.6
11.27.23.PLNOV21.R2.rerun__NA__NA__231207_WW__00X.trimmed.sorted.unfiltered.bam	22.4
11.27.23.PLNOV22.R2.rerun__NA__NA__231207_WW__00X.trimmed.sorted.unfiltered.bam	22.2
11.29.23.ENCNOV24.R2.rerun__NA__NA__231207_WW__00X.trimmed.sorted.unfiltered.bam	22.1
11.29.23.ENCNOV28.R2.rerun__NA__NA__231207_WW__00X.trimmed.sorted.unfiltered.bam	22.2
11.29.23.PLNOV26.R1.rerun__NA__NA__231207_WW__00X.trimmed.sorted.unfiltered.bam	22.3
11.29.23.PLNOV27.R2.rerun__NA__NA__231207_WW__00X.trimmed.sorted.unfiltered.bam	22.1
11.29.23.SBNOV23.R2.rerun__NA__NA__231207_WW__00X.trimmed.sorted.unfiltered.bam	22.2
11.29.23.SBNOV28.R2.rerun__NA__NA__231207_WW__00X.trimmed.sorted.unfiltered.bam	22.3
1.16.24.ENCJAN08.R2__NA__NA__240126_WW__00X.trimmed.sorted.unfiltered.bam	23.8
1.16.24.ENCJAN12.R2__NA__NA__240126_WW__00X.trimmed.sorted.unfiltered.bam	23.8
1.16.24.PLJAN07.R2__NA__NA__240126_WW__00X.trimmed.sorted.unfiltered.bam	23.9
1.16.24.PLJAN08.R2__NA__NA__240126_WW__00X.trimmed.sorted.unfiltered.bam	23.8
1.16.24.PLJAN09.R2__NA__NA__240126_WW__00X.trimmed.sorted.unfiltered.bam	23.8
1.16.24.PLJAN10.R2__NA__NA__240126_WW__00X.trimmed.sorted.unfiltered.bam	23.6
1.16.24.SBJAN11.R2__NA__NA__240126_WW__00X.trimmed.sorted.unfiltered.bam	23.9
1.16.24.SBJAN14.R2__NA__NA__240126_WW__00X.trimmed.sorted.unfiltered.bam	23.6
1.18.23.ENCJAN13.R2__NA__NA__220120_WW__00X.trimmed.sorted.unfiltered.bam	22.3
1.18.23.ENCJAN13.R2__NA__NA__230120_WW__00X.trimmed.sorted.unfiltered.bam	22.3
1.18.23.ENCJAN17.R2__NA__NA__230120_WW__00X.trimmed.sorted.unfiltered.bam	22.1
1.19.23.PLJAN15.R2__NA__NA__230120_WW__00X.trimmed.sorted.unfiltered.bam	22.0
1.19.23.PLJAN16.R1__NA__NA__230120_WW__00X.trimmed.sorted.unfiltered.bam	22.2
1.19.23.PLJAN17.R2__NA__NA__230120_WW__00X.trimmed.sorted.unfiltered.bam	22.1
1.19.23.PLJAN18.R1__NA__NA__230120_WW__00X.trimmed.sorted.unfiltered.bam	22.4
1.19.23.SBJAN15.R1__NA__NA__230120_WW__00X.trimmed.sorted.unfiltered.bam	22.2
1.19.23.SBJAN17.R2__NA__NA__230120_WW__00X.trimmed.sorted.unfiltered.bam	22.1
12.01.23.PLNOV28.R1.rerun__NA__NA__231207_WW__00X.trimmed.sorted.unfiltered.bam	22.3
12.01.23.PLNOV29.R1.rerun__NA__NA__231207_WW__00X.trimmed.sorted.unfiltered.bam	22.2
12_02_24_ENCNOV27_R1__E0000000__X00__241205_SG_WW_4__001.trimmed.sorted.bam	37.3
12_02_24_ENCNOV28_R1__E0000000__X00__241205_SG_WW_4__001.trimmed.sorted.bam	37.4
12_02_24_PLNOV24_R2__E0000000__X00__241205_SG_WW_4__001.trimmed.sorted.bam	37.4
12_02_24_PLNOV25_R2__E0000000__X00__241205_SG_WW_4__001.trimmed.sorted.bam	37.4
12_02_24_PLNOV26_R1__E0000000__X00__241205_SG_WW_4__001.trimmed.sorted.bam	37.4
12_02_24_PLNOV27_R1__E0000000__X00__241205_SG_WW_4__001.trimmed.sorted.bam	37.3
12_02_24_SBNOV26_R2__E0000000__X00__241205_SG_WW_4__001.trimmed.sorted.bam	37.5
12_02_24_SBNOV28_R2__E0000000__X00__241205_SG_WW_4__001.trimmed.sorted.bam	37.3
12.04.23.ENCDEC01.R2__NA__NA__231215_WW__00X.trimmed.sorted.unfiltered.bam	22.2
12.04.23.ENCNOV29.R2__NA__NA__231215_WW__00X.trimmed.sorted.unfiltered.bam	22.3
12.04.23.SBDEC03.R2__NA__NA__231215_WW__00X.trimmed.sorted.unfiltered.bam	22.0
12.04.23.SBNOV30.R1__NA__NA__231215_WW__00X.trimmed.sorted.unfiltered.bam	22.3
12_09_24_ENCDEC02_R1__E0000000__X00__241212_SG_WW__001.trimmed.sorted.bam	37.6
12_09_24_ENCDEC03_R2__E0000000__X00__241212_SG_WW__001.trimmed.sorted.bam	37.6
12_09_24_ENCDEC06_R2__E0000000__X00__241212_SG_WW__001.trimmed.sorted.bam	37.5
12_09_24_PLDEC01_R1__E0000000__X00__241212_SG_WW__001.trimmed.sorted.bam	37.6
12_09_24_PLDEC02_R2__E0000000__X00__241212_SG_WW__001.trimmed.sorted.bam	37.7
12_09_24_PLDEC03_R2__E0000000__X00__241212_SG_WW__001.trimmed.sorted.bam	37.6
12_09_24_SBDEC03_R2__E0000000__X00__241212_SG_WW__001.trimmed.sorted.bam	37.5
12_09_24_SBDEC08_R2__E0000000__X00__241212_SG_WW__001.trimmed.sorted.bam	37.6
12.11.23.ENCDEC04.R2__NA__NA__231215_WW__00X.trimmed.sorted.unfiltered.bam	22.2
12.11.23.ENCDEC06.R1__NA__NA__231215_WW__00X.trimmed.sorted.unfiltered.bam	22.0
12.11.23.PLDEC03.R1__NA__NA__231215_WW__00X.trimmed.sorted.unfiltered.bam	22.2
12.11.23.PLDEC04.R2__NA__NA__231215_WW__00X.trimmed.sorted.unfiltered.bam	22.2
12.11.23.PLDEC05.R2__NA__NA__231215_WW__00X.trimmed.sorted.unfiltered.bam	22.2
12.11.23.PLDEC06.R1__NA__NA__231215_WW__00X.trimmed.sorted.unfiltered.bam	22.1
12.11.23.SBDEC07.R1__NA__NA__231215_WW__00X.trimmed.sorted.unfiltered.bam	22.2
12.11.23.SBDEC10.R1__NA__NA__231215_WW__00X.trimmed.sorted.unfiltered.bam	22.2
12_16_24_ENCDEC09_R1__E0000000__X00__241219_SG_WW__001.trimmed.sorted.bam	37.7
12_16_24_ENCDEC10_R1__E0000000__X00__241219_SG_WW__001.trimmed.sorted.bam	37.7
12_16_24_ENCDEC12_R1__E0000000__X00__241219_SG_WW__001.trimmed.sorted.bam	37.7
12_16_24_PLDEC08_R1__E0000000__X00__241219_SG_WW__001.trimmed.sorted.bam	37.6
12_16_24_PLDEC10_R1__E0000000__X00__241219_SG_WW__001.trimmed.sorted.bam	37.7
12_16_24_PLDEC11_R1__E0000000__X00__241219_SG_WW__001.trimmed.sorted.bam	37.7
12_16_24_SBDEC12_R2__E0000000__X00__241219_SG_WW__001.trimmed.sorted.bam	37.6
12_16_24_SBDEC15_R2__E0000000__X00__241219_SG_WW__001.trimmed.sorted.bam	37.6
12.18.23.ENCDEC13.R2__NA__NA__231222_WW__00X.trimmed.sorted.unfiltered.bam	21.7
12.18.23.ENCDEC15.R1__NA__NA__231222_WW__00X.trimmed.sorted.unfiltered.bam	21.7
12.18.23.PLDEC10.R2__NA__NA__231222_WW__00X.trimmed.sorted.unfiltered.bam	21.7
12.18.23.PLDEC11.R2__NA__NA__231222_WW__00X.trimmed.sorted.unfiltered.bam	21.7
12.18.23.PLDEC12.R2__NA__NA__231222_WW__00X.trimmed.sorted.unfiltered.bam	21.8
12.18.23.PLDEC13.R1__NA__NA__231222_WW__00X.trimmed.sorted.unfiltered.bam	21.6
12.18.23.SBDEC12.R1__NA__NA__231222_WW__00X.trimmed.sorted.unfiltered.bam	21.6
12.18.23.SBDEC14.R1__NA__NA__231222_WW__00X.trimmed.sorted.unfiltered.bam	21.6
12.22.23.ENCDEC18.R2__NA__NA__231229_WW__00X.trimmed.sorted.unfiltered.bam	18.6
12.22.23.ENCDEC18.R2__NA__NA__240105_WW__00X.trimmed.sorted.unfiltered.bam	23.4
12.22.23.ENCDEC21.R2__NA__NA__231229_WW__00X.trimmed.sorted.unfiltered.bam	18.5
12.22.23.ENCDEC21.R2__NA__NA__240105_WW__00X.trimmed.sorted.unfiltered.bam	23.3
12.22.23.PLDEC17.R1__NA__NA__231229_WW__00X.trimmed.sorted.unfiltered.bam	18.7
12.22.23.PLDEC17.R1__NA__NA__240105_WW__00X.trimmed.sorted.unfiltered.bam	23.4
12.22.23.PLDEC18.R2__NA__NA__231229_WW__00X.trimmed.sorted.unfiltered.bam	18.6
12.22.23.PLDEC18.R2__NA__NA__240105_WW__00X.trimmed.sorted.unfiltered.bam	23.3
12.22.23.PLDEC19.R2__NA__NA__231229_WW__00X.trimmed.sorted.unfiltered.bam	18.6
12.22.23.PLDEC19.R2__NA__NA__240105_WW__00X.trimmed.sorted.unfiltered.bam	23.3
12.22.23.PLDEC20.R1__NA__NA__231229_WW__00X.trimmed.sorted.unfiltered.bam	18.7
12.22.23.PLDEC20.R1__NA__NA__240105_WW__00X.trimmed.sorted.unfiltered.bam	23.3
12.22.23.SBDEC19.R1__NA__NA__231229_WW__00X.trimmed.sorted.unfiltered.bam	18.5
12.22.23.SBDEC19.R1__NA__NA__240105_WW__00X.trimmed.sorted.unfiltered.bam	23.4
12.22.23.SBDEC21.R2__NA__NA__231229_WW__00X.trimmed.sorted.unfiltered.bam	18.5
12.22.23.SBDEC21.R2__NA__NA__240105_WW__00X.trimmed.sorted.unfiltered.bam	23.3
1.24.23.ENCJAN19.R2__NA__NA__230127_WW__00X.trimmed.sorted.unfiltered.bam	22.9
1.24.23.ENCJAN23.R2__NA__NA__230127_WW__00X.trimmed.sorted.unfiltered.bam	23.1
1.26.23.PLJAN22.R2__NA__NA__230127_WW__00X.trimmed.sorted.unfiltered.bam	22.9
1.26.23.PLJAN23.R2__NA__NA__230127_WW__00X.trimmed.sorted.unfiltered.bam	23.0
1.26.23.PLJAN24.R1__NA__NA__230127_WW__00X.trimmed.sorted.unfiltered.bam	23.0
1.26.23.PLJAN25.R1__NA__NA__230127_WW__00X.trimmed.sorted.unfiltered.bam	23.0
1.26.23.SBJAN19.R2__NA__NA__230127_WW__00X.trimmed.sorted.unfiltered.bam	23.1
1.26.23.SBJAN23.R2__NA__NA__230127_WW__00X.trimmed.sorted.unfiltered.bam	23.1
1.31.23.ENCJAN26.R2__NA__NA__230203_WW__00X.trimmed.sorted.unfiltered.bam	23.0
1.31.23.ENCJAN30.R2__NA__NA__230203_WW__00X.trimmed.sorted.unfiltered.bam	23.3
2.03.23.PLFEB01.R1__NA__NA__230203_WW__00X.trimmed.sorted.unfiltered.bam	23.3
2.03.23.PLJAN29.R1__NA__NA__230203_reanalysis_WW__00X.trimmed.sorted.unfiltered.bam	22.9
2.03.23.PLJAN29.R1__NA__NA__230303_WW__00X.trimmed.sorted.unfiltered.bam	22.9
2.03.23.PLJAN30.R1__NA__NA__230203_WW__00X.trimmed.sorted.unfiltered.bam	23.0
2.03.23.PLJAN31.R1__NA__NA__230203_WW__00X.trimmed.sorted.unfiltered.bam	22.9
2.03.23.SBJAN26.R2__NA__NA__230203_WW__00X.trimmed.sorted.unfiltered.bam	23.0
2.03.23.SBJAN31.R2__NA__NA__230203_WW__00X.trimmed.sorted.unfiltered.bam	23.2
2.07.23.ENCFEB01.R1__NA__NA__230210_WW__00X.trimmed.sorted.unfiltered.bam	22.2
2.07.23.ENCFEB02.R1__NA__NA__230210_WW__00X.trimmed.sorted.unfiltered.bam	22.2
2.07.23.ENCUNKN.R1__NA__NA__230210_WW__00X.trimmed.sorted.unfiltered.bam	22.3
2.09.23.PLFEB05.R1__NA__NA__230210_WW__00X.trimmed.sorted.unfiltered.bam	22.2
2.09.23.PLFEB06.R1__NA__NA__230210_WW__00X.trimmed.sorted.unfiltered.bam	22.3
2.10.23.SBFEB02.R1__NA__NA__230210_WW__00X.trimmed.sorted.unfiltered.bam	22.3
2.10.23.SBFEB05.R1__NA__NA__230210_WW__00X.trimmed.sorted.unfiltered.bam	22.4
2.10.23.SBFEB07.R1__NA__NA__230210_WW__00X.trimmed.sorted.unfiltered.bam	22.2
2.14.23.ENCFEB08.R2__NA__NA__230217_WW__00X.trimmed.sorted.unfiltered.bam	18.7
2.14.23.ENCFEB08.rerun__NA__NA__230224_WW__00X.trimmed.sorted.unfiltered.bam	20.4
2.14.23.ENCFEB10.R2__NA__NA__230217_WW__00X.trimmed.sorted.unfiltered.bam	18.8
2.14.23.ENCFEB10.rerun__NA__NA__230224_WW__00X.trimmed.sorted.unfiltered.bam	20.4
2.15.23.PLFEB12.R2__NA__NA__230217_WW__00X.trimmed.sorted.unfiltered.bam	18.7
2.15.23.PLFEB12.rerun__NA__NA__230224_WW__00X.trimmed.sorted.unfiltered.bam	20.4
2.15.23.PLFEB13.R1__NA__NA__230217_WW__00X.trimmed.sorted.unfiltered.bam	18.7
2.15.23.PLFEB13.rerun__NA__NA__230224_WW__00X.trimmed.sorted.unfiltered.bam	20.4
2.17.23.PLFEB14.R2__NA__NA__230217_WW__00X.trimmed.sorted.unfiltered.bam	18.8
2.17.23.PLFEB14.rerun__NA__NA__230224_WW__00X.trimmed.sorted.unfiltered.bam	20.5
2.17.23.PLFEB15.R1__NA__NA__230217_WW__00X.trimmed.sorted.unfiltered.bam	18.8
2.17.23.PLFEB15.rerun__NA__NA__230224_WW__00X.trimmed.sorted.unfiltered.bam	20.3
2.17.23.SBFEB12.R2__NA__NA__230217_WW__00X.trimmed.sorted.unfiltered.bam	18.8
2.17.23.SBFEB12.rerun__NA__NA__230224_WW__00X.trimmed.sorted.unfiltered.bam	20.4
2.17.23.SBFEB16.R2__NA__NA__230217_WW__00X.trimmed.sorted.unfiltered.bam	18.7
2.17.23.SBFEB16.rerun__NA__NA__230224_WW__00X.trimmed.sorted.unfiltered.bam	20.4
2.22.23.ENCFEB14.R1__NA__NA__230224_WW__00X.trimmed.sorted.unfiltered.bam	20.6
2.22.23.ENCFEB17.R2__NA__NA__230224_WW__00X.trimmed.sorted.unfiltered.bam	20.5
2.22.23.ENCFEB21.R2__NA__NA__230224_WW__00X.trimmed.sorted.unfiltered.bam	20.4
2.22.23.PLFEB19.R1.HELENA__NA__NA__230224_WW__00X.trimmed.sorted.unfiltered.bam	20.3
2.22.23.PLFEB20.R1.HELENA__NA__NA__230224_WW__00X.trimmed.sorted.unfiltered.bam	20.4
2.22.23.PLFEB21.R1__NA__NA__230224_WW__00X.trimmed.sorted.unfiltered.bam	20.4
2.24.23.SBFEB19.R1__NA__NA__230224_WW__00X.trimmed.sorted.unfiltered.bam	20.3
2.24.23.SBFEB21.R1__NA__NA__230224_WW__00X.trimmed.sorted.unfiltered.bam	20.3
3.01.23.ENCFEB27.R1__NA__NA__230303_WW__00X.trimmed.sorted.unfiltered.bam	22.3
3.01.23.ENCMAR01.R1__NA__NA__230303_WW__00X.trimmed.sorted.unfiltered.bam	22.2
3.01.23.PLFEB26.R2__NA__NA__230303_WW__00X.trimmed.sorted.unfiltered.bam	22.2
3.01.23.PLFEB27.R1__NA__NA__230303_WW__00X.trimmed.sorted.unfiltered.bam	22.3
3.03.23.PLFEB28.R2__NA__NA__230303_WW__00X.trimmed.sorted.unfiltered.bam	22.3
3.03.23.PLMAR01.R1__NA__NA__230303_WW__00X.trimmed.sorted.unfiltered.bam	22.4
3.03.23.SBFEB23.R1__NA__NA__230303_WW__00X.trimmed.sorted.unfiltered.bam	22.3
3.03.23.SBFEB28.R1__NA__NA__230303_WW__00X.trimmed.sorted.unfiltered.bam	22.2
3.08.23.PLMAR05.R2__NA__NA__230310_WW__00X.trimmed.sorted.unfiltered.bam	22.8
3.08.23.PLMAR06.R1__NA__NA__230310_WW__00X.trimmed.sorted.unfiltered.bam	22.5
3.09.23.ENCMAR03.R2__NA__NA__230310_WW__00X.trimmed.sorted.unfiltered.bam	22.4
3.09.23.ENCMAR07.R2__NA__NA__230310_WW__00X.trimmed.sorted.unfiltered.bam	22.6
3.10.23.PLMAR07.R2__NA__NA__230310_WW__00X.trimmed.sorted.unfiltered.bam	22.4
3.10.23.PLMAR08.R2__NA__NA__230310_WW__00X.trimmed.sorted.unfiltered.bam	22.6
3.10.23.SBMAR05.R1__NA__NA__230310_WW__00X.trimmed.sorted.unfiltered.bam	22.6
3.10.23.SBMAR09.R1__NA__NA__230310_WW__00X.trimmed.sorted.unfiltered.bam	22.7
3.15.23.ENCMAR13.R1__NA__NA__2300317_WW__00X.trimmed.sorted.unfiltered.bam	22.0
3.15.23.ENCMAR14.R2__NA__NA__2300317_WW__00X.trimmed.sorted.unfiltered.bam	21.9
3.15.23.SBMAR12.R1__NA__NA__2300317_WW__00X.trimmed.sorted.unfiltered.bam	22.0
3.17.23.PLMAR12.R1__NA__NA__2300317_WW__00X.trimmed.sorted.unfiltered.bam	21.9
3.17.23.PLMAR13.R2__NA__NA__2300317_WW__00X.trimmed.sorted.unfiltered.bam	22.1
3.17.23.PLMAR14.R2__NA__NA__2300317_WW__00X.trimmed.sorted.unfiltered.bam	22.1
3.17.23.PLMAR15.R1__NA__NA__2300317_WW__00X.trimmed.sorted.unfiltered.bam	21.9
3.22.23.SBMAR14.R1.rerun2__NA__NA__230330_WW_rerun__00X.trimmed.sorted.unfiltered.bam	22.4
3.22.23.SBMAR16.R2.rerun2__NA__NA__230330_WW_rerun__00X.trimmed.sorted.unfiltered.bam	22.1
3.22.23.SBMAR19.R2.rerun__NA__NA__230330_WW_rerun__00X.trimmed.sorted.unfiltered.bam	22.2
3.23.23.ENCMAR17.R2.rerun2__NA__NA__230330_WW_rerun__00X.trimmed.sorted.unfiltered.bam	22.3
3.23.23.ENCMAR20.R2.rerun__NA__NA__230330_WW_rerun__00X.trimmed.sorted.unfiltered.bam	22.2
3.23.23.ENCMAR21.R1.rerun2__NA__NA__230330_WW_rerun__00X.trimmed.sorted.unfiltered.bam	22.4
3.24.23.PLMAR21.R2.rerun2__NA__NA__230330_WW_rerun__00X.trimmed.sorted.unfiltered.bam	22.1
3.24.23.PLMAR22.R1.rerun2__NA__NA__230330_WW_rerun__00X.trimmed.sorted.unfiltered.bam	22.2
3.29.23.PLMAR19.R1.rerun2__NA__NA__230330_WW_rerun__00X.trimmed.sorted.unfiltered.bam	22.3
3.29.23.PLMAR20.R1.rerun2__NA__NA__230330_WW_rerun__00X.trimmed.sorted.unfiltered.bam	22.2
3.29.23.PLMAR26.R1.rerun__NA__NA__230330_WW_rerun__00X.trimmed.sorted.unfiltered.bam	22.4
3.29.23.SBMAR21.R1.rerun__NA__NA__230330_WW_rerun__00X.trimmed.sorted.unfiltered.bam	22.1
3.31.23.PLMAR28.R1__NA__NA__230407_WW__00X.trimmed.sorted.unfiltered.bam	23.0
3.31.23.PLMAR29.R2__NA__NA__230407_WW__00X.trimmed.sorted.unfiltered.bam	23.0
4.05.23.PLAPR02.R1__NA__NA__230407_WW__00X.trimmed.sorted.unfiltered.bam	23.1
4.05.23.PLAPR03.R1__NA__NA__230407_WW__00X.trimmed.sorted.unfiltered.bam	23.0
4.05.23.SBMAR30.R2__NA__NA__230407_WW__00X.trimmed.sorted.unfiltered.bam	23.0
4.06.23.ENCAPR04.R1__NA__NA__230407_WW__00X.trimmed.sorted.unfiltered.bam	23.1
4.06.23.ENCMAR30.R2__NA__NA__230407_WW__00X.trimmed.sorted.unfiltered.bam	23.0
4.07.23.PLAPR05.R2__NA__NA__230407_WW__00X.trimmed.sorted.unfiltered.bam	22.9
4.12.23.ENCAPR06.R2__NA__NA__230414_WW__00X.trimmed.sorted.unfiltered.bam	22.5
4.12.23.ENCAPR11.R1__NA__NA__230414_WW__00X.trimmed.sorted.unfiltered.bam	22.6
4.12.23.PLAPR09.R1__NA__NA__230414_WW__00X.trimmed.sorted.unfiltered.bam	22.5
4.12.23.PLAPR10.R1__NA__NA__230414_WW__00X.trimmed.sorted.unfiltered.bam	22.4
4.14.23.PLAPR11.R2__NA__NA__230414_WW__00X.trimmed.sorted.unfiltered.bam	22.6
4.14.23.PLAPR12.R1__NA__NA__230414_WW__00X.trimmed.sorted.unfiltered.bam	22.6
4_15_24_ENCAPR10__E0000000__X00__240418_WW_SG__001.trimmed.sorted.bam	37.7
4_15_24_ENCAPR10_R2__E0000000__X00__240420_NextSeq_WW__001.trimmed.sorted.bam	32.8
4_15_24_ENCAPR11__E0000000__X00__240418_WW_SG__001.trimmed.sorted.bam	37.9
4_15_24_ENCAPR11_R1__E0000000__X00__240420_NextSeq_WW__001.trimmed.sorted.bam	32.8
4_15_24_PLAPR07__E0000000__X00__240418_WW_SG__001.trimmed.sorted.bam	37.8
4_15_24_PLAPR07_R2__E0000000__X00__240420_NextSeq_WW__001.trimmed.sorted.bam	32.9
4_15_24_PLAPR08__E0000000__X00__240418_WW_SG__001.trimmed.sorted.bam	37.8
4_15_24_PLAPR08_R1__E0000000__X00__240420_NextSeq_WW__001.trimmed.sorted.bam	32.9
4_15_24_PLAPR09__E0000000__X00__240418_WW_SG__001.trimmed.sorted.bam	37.8
4_15_24_PLAPR09_R2__E0000000__X00__240420_NextSeq_WW__001.trimmed.sorted.bam	32.8
4_15_24_PLAPR10__E0000000__X00__240418_WW_SG__001.trimmed.sorted.bam	37.9
4_15_24_PLAPR10_R1__E0000000__X00__240420_NextSeq_WW__001.trimmed.sorted.bam	32.8
4_15_24_SBAPR09__E0000000__X00__240418_WW_SG__001.trimmed.sorted.bam	37.9
4_15_24_SBAPR09_R2__E0000000__X00__240420_NextSeq_WW__001.trimmed.sorted.bam	32.8
4_15_24_SBAPR11__E0000000__X00__240418_WW_SG__001.trimmed.sorted.bam	37.8
4_15_24_SBAPR11_R2__E0000000__X00__240420_NextSeq_WW__001.trimmed.sorted.bam	32.9
4.19.23.PLAPR16.R2__NA__NA__230502_WW__00X.trimmed.sorted.unfiltered.bam	22.7
4.19.23.PLAPR17.R1__NA__NA__230502_WW__00X.trimmed.sorted.unfiltered.bam	22.9
4.19.23.SBAPR04.R1__NA__NA__230502_WW__00X.trimmed.sorted.unfiltered.bam	22.9
4.19.23.SBAPR09.R2__NA__NA__230502_WW__00X.trimmed.sorted.unfiltered.bam	22.8
4.19.23.SBAPR16.R2__NA__NA__230502_WW__00X.trimmed.sorted.unfiltered.bam	23.1
4.20.23.ENCAPR18.R1__NA__NA__230502_WW__00X.trimmed.sorted.unfiltered.bam	24.8
4.21.23.PLAPR18.R1__NA__NA__230502_WW__00X.trimmed.sorted.unfiltered.bam	22.9
4.21.23.PLAPR19.R2__NA__NA__230502_WW__00X.trimmed.sorted.unfiltered.bam	22.8
4.26.23.PLAPR23.R2__NA__NA__230502_WW__00X.trimmed.sorted.unfiltered.bam	23.0
4.26.23.SBAPR18.R2__NA__NA__230502_WW__00X.trimmed.sorted.unfiltered.bam	22.8
4.26.23.SBAPR20.R1__NA__NA__230502_WW__00X.trimmed.sorted.unfiltered.bam	22.8
4.27.23.ENCAPR20.R2__NA__NA__230502_WW__00X.trimmed.sorted.unfiltered.bam	22.8
4.27.23.ENCAPR24.R1__NA__NA__230502_WW__00X.trimmed.sorted.unfiltered.bam	22.8
4.27.23.ENCAPR25.R1__NA__NA__230502_WW__00X.trimmed.sorted.unfiltered.bam	22.9
4.28.23.PLAPR25.R2__NA__NA__230502_WW__00X.trimmed.sorted.unfiltered.bam	22.9
4.28.23.PLAPR26.R1__NA__NA__230502_WW__00X.trimmed.sorted.unfiltered.bam	22.9
5.03.23.PLAPR30.R2__NA__NA__230505_WW__00X.trimmed.sorted.unfiltered.bam	23.3
5.03.23.PLMAY01.R1__NA__NA__230505_WW__00X.trimmed.sorted.unfiltered.bam	23.1
5.03.23.SBAPR26.R1__NA__NA__230505_WW__00X.trimmed.sorted.unfiltered.bam	23.3
5.03.23.SBAPR30.R2__NA__NA__230505_WW__00X.trimmed.sorted.unfiltered.bam	23.1
5.05.23.PLMAY02.R2__NA__NA__230505_WW__00X.trimmed.sorted.unfiltered.bam	23.2
5.05.23.PLMAY03.R2__NA__NA__230505_WW__00X.trimmed.sorted.unfiltered.bam	23.1
5.10.23.PLMAY07.R2__NA__NA__230512_WW__00X.trimmed.sorted.unfiltered.bam	22.8
5.10.23.PLMAY08.R1__NA__NA__230512_WW__00X.trimmed.sorted.unfiltered.bam	22.7
5.10.23.SBMAY02.R1__NA__NA__230512_WW__00X.trimmed.sorted.unfiltered.bam	22.8
5.10.23.SBMAY07.R2__NA__NA__230512_WW__00X.trimmed.sorted.unfiltered.bam	22.9
5.11.23.ENCMAY05.R2__NA__NA__230512_WW__00X.trimmed.sorted.unfiltered.bam	22.7
5.11.23.ENCMAY09.R2__NA__NA__230512_WW__00X.trimmed.sorted.unfiltered.bam	22.9
5.12.23.PLMAY09.R1__NA__NA__230512_WW__00X.trimmed.sorted.unfiltered.bam	22.8
5.12.23.PLMAY10.R1__NA__NA__230512_WW__00X.trimmed.sorted.unfiltered.bam	22.8
5.17.23.ENCMAY10.R2__NA__NA__230519_WW__00X.trimmed.sorted.unfiltered.bam	23.5
5.17.23.PLMAY14.R2__NA__NA__230519_WW__00X.trimmed.sorted.unfiltered.bam	23.4
5.17.23.PLMAY15.R1__NA__NA__230519_WW__00X.trimmed.sorted.unfiltered.bam	23.3
5.17.23.SBMAY09.R2__NA__NA__230519_WW__00X.trimmed.sorted.unfiltered.bam	23.5
5.17.23.SBMAY14.R1__NA__NA__230519_WW__00X.trimmed.sorted.unfiltered.bam	23.3
5.19.23.PLMAY16.R2__NA__NA__230519_WW__00X.trimmed.sorted.unfiltered.bam	23.3
5.19.23.PLMAY17.R1__NA__NA__230519_WW__00X.trimmed.sorted.unfiltered.bam	23.3
5_20_24_ENCMAY13_R1__E0000000__X00__240525_NextSeq_WW__001.trimmed.sorted.bam	32.9
5_20_24_ENCMAY13_R1__E0000000__X00__240604_SG_WW__001.trimmed.sorted.bam	37.8
5_20_24_ENCMAY14_R1__E0000000__X00__240525_NextSeq_WW__001.trimmed.sorted.bam	32.9
5_20_24_ENCMAY14_R1__E0000000__X00__240604_SG_WW__001.trimmed.sorted.bam	37.7
5_20_24_ENCMAY15_R1__E0000000__X00__240525_NextSeq_WW__001.trimmed.sorted.bam	32.9
5_20_24_ENCMAY15_R1__E0000000__X00__240604_SG_WW__001.trimmed.sorted.bam	37.7
5_20_24_PLMAY12_R1__E0000000__X00__240525_NextSeq_WW__001.trimmed.sorted.bam	32.9
5_20_24_PLMAY12_R1__E0000000__X00__240604_SG_WW__001.trimmed.sorted.bam	37.7
5_20_24_PLMAY13_R2__E0000000__X00__240525_NextSeq_WW__001.trimmed.sorted.bam	32.9
5_20_24_PLMAY13_R2__E0000000__X00__240604_SG_WW__001.trimmed.sorted.bam	37.6
5_20_24_PLMAY14_R1__E0000000__X00__240525_NextSeq_WW__001.trimmed.sorted.bam	32.9
5_20_24_PLMAY14_R1__E0000000__X00__240604_SG_WW__001.trimmed.sorted.bam	37.6
5_20_24_PLMAY15_R1__E0000000__X00__240525_NextSeq_WW__001.trimmed.sorted.bam	32.9
5_20_24_PLMAY15_R1__E0000000__X00__240604_SG_WW__001.trimmed.sorted.bam	37.8
5_20_24_SBMAY19_R1__E0000000__X00__240525_NextSeq_WW__001.trimmed.sorted.bam	32.9
5_20_24_SBMAY19_R1__E0000000__X00__240604_SG_WW__001.trimmed.sorted.bam	37.8
5.24.23.ENCMAY18.R1__NA__NA__230526_WW__00X.trimmed.sorted.unfiltered.bam	23.4
5.24.23.ENCMAY23.R1__NA__NA__230526_WW__00X.trimmed.sorted.unfiltered.bam	23.6
5.24.23.PLMAY21.R1__NA__NA__230526_WW__00X.trimmed.sorted.unfiltered.bam	23.2
5.24.23.PLMAY22.R1__NA__NA__230526_WW__00X.trimmed.sorted.unfiltered.bam	23.2
5.24.23.SBMAY18.R1__NA__NA__230526_WW__00X.trimmed.sorted.unfiltered.bam	23.2
5.24.23.SBMAY21.R1__NA__NA__230526_WW__00X.trimmed.sorted.unfiltered.bam	23.3
5.26.23.PLMAY23.R2__NA__NA__230526_WW__00X.trimmed.sorted.unfiltered.bam	23.4
5.26.23.PLMAY24.R1__NA__NA__230526_WW__00X.trimmed.sorted.unfiltered.bam	23.6
5.31.23.ENCMAY26.R2__NA__NA__230602_WW__00X.trimmed.sorted.unfiltered.bam	23.1
5.31.23.ENCMAY30.R1__NA__NA__230602_WW__00X.trimmed.sorted.unfiltered.bam	23.1
5.31.23.PLMAY28.R1__NA__NA__230602_WW__00X.trimmed.sorted.unfiltered.bam	23.1
5.31.23.PLMAY29.R2__NA__NA__230602_WW__00X.trimmed.sorted.unfiltered.bam	23.0
5.31.23.SBMAY25.R1__NA__NA__230602_WW__00X.trimmed.sorted.unfiltered.bam	23.0
5.31.23.SBMAY28.R1__NA__NA__230602_WW__00X.trimmed.sorted.unfiltered.bam	23.0
6.02.23.PLMAY30.R2__NA__NA__230602_WW__00X.trimmed.sorted.unfiltered.bam	23.0
6.02.23.PLMAY31.R1__NA__NA__230602_WW__00X.trimmed.sorted.unfiltered.bam	22.9
6.07.23.ENCJUN06.R2__NA__NA__230609_WW__00X.trimmed.sorted.unfiltered.bam	0.0
6.07.23.ENCMAY31.R2__NA__NA__230609_WW__00X.trimmed.sorted.unfiltered.bam	16.7
6.07.23.PLJUN04.R1__NA__NA__230609_WW__00X.trimmed.sorted.unfiltered.bam	18.5
6.07.23.PLJUN05.R2__NA__NA__230609_WW__00X.trimmed.sorted.unfiltered.bam	0.0
6.07.23.SBJUN04.R1__NA__NA__230609_WW__00X.trimmed.sorted.unfiltered.bam	19.3
6.07.23.SBMAY30.R2__NA__NA__230609_WW__00X.trimmed.sorted.unfiltered.bam	15.1
6.09.23.PLJUN06.R1__NA__NA__230609_WW__00X.trimmed.sorted.unfiltered.bam	17.5
6.09.23.PLJUN07.R2__NA__NA__230609_WW__00X.trimmed.sorted.unfiltered.bam	0.0
6.14.23.SBJUN11.R2__NA__NA__230714_WW__00X.trimmed.sorted.unfiltered.bam	18.8
6.21.23.ENCJUN15.R2__NA__NA__230714_WW__00X.trimmed.sorted.unfiltered.bam	19.0
6.21.23.ENCJUN16.R2__NA__NA__230714_WW__00X.trimmed.sorted.unfiltered.bam	18.7
6.21.23.PLJUN18.R1__NA__NA__230714_WW__00X.trimmed.sorted.unfiltered.bam	18.8
6.21.23.PLJUN19.R1__NA__NA__230714_WW__00X.trimmed.sorted.unfiltered.bam	18.9
6.23.23.PLJUN20.R1__NA__NA__230714_WW__00X.trimmed.sorted.unfiltered.bam	18.9
6.23.23.PLJUN21.R2__NA__NA__230714_WW__00X.trimmed.sorted.unfiltered.bam	19.1
6.23.23.SBJUN13.R2__NA__NA__230714_WW__00X.trimmed.sorted.unfiltered.bam	20.2
6.23.23.SBJUN15.R2__NA__NA__230905_WW__00X.trimmed.sorted.unfiltered.bam	24.0
6.28.23.ENCJUN21.R1__NA__NA__230905_WW__00X.trimmed.sorted.unfiltered.bam	24.0
6.28.23.ENCJUN22.R1__NA__NA__230905_WW__00X.trimmed.sorted.unfiltered.bam	24.0
6.28.23.PLJUN25.R2__NA__NA__230905_WW__00X.trimmed.sorted.unfiltered.bam	24.0
6.28.23.PLJUN26.R2__NA__NA__230905_WW__00X.trimmed.sorted.unfiltered.bam	24.1
6.30.23.PLJUN27.R2__NA__NA__230905_WW__00X.trimmed.sorted.unfiltered.bam	24.0
6.30.23.PLJUN28.R1__NA__NA__230905_WW__00X.trimmed.sorted.unfiltered.bam	24.0
7.07.23.ENCJUL06.R1__NA__NA__230905_WW__00X.trimmed.sorted.unfiltered.bam	24.1
7.07.23.ENCJUN28.R1__NA__NA__230905_WW__00X.trimmed.sorted.unfiltered.bam	24.1
7.07.23.PLJUL02.R1__NA__NA__230905_WW__00X.trimmed.sorted.unfiltered.bam	24.0
7.07.23.PLJUL03.R2__NA__NA__230905_WW__00X.trimmed.sorted.unfiltered.bam	24.1
7.07.23.SBJUL02.R2__NA__NA__230905_WW__00X.trimmed.sorted.unfiltered.bam	24.2
7.07.23.SBJUL04.R2__NA__NA__230905_WW__00X.trimmed.sorted.unfiltered.bam	24.0
7.07.23.SBJUN27.R1__NA__NA__230905_WW__00X.trimmed.sorted.unfiltered.bam	24.0
7.10.23.PLJUL04.R1__NA__NA__230905_WW__00X.trimmed.sorted.unfiltered.bam	24.1
7.10.23.PLJUL05.R1__NA__NA__230905_WW__00X.trimmed.sorted.unfiltered.bam	24.1
7.12.23.ENCJUL07.R2__NA__NA__230911_WW__00X.trimmed.sorted.unfiltered.bam	23.3
7.12.23.ENCJUL11.R1__NA__NA__230911_WW__00X.trimmed.sorted.unfiltered.bam	23.2
7.12.23.SBJUL06.R2__NA__NA__230911_WW__00X.trimmed.sorted.unfiltered.bam	23.3
7.12.23.SBJUL09.R2__NA__NA__230911_WW__00X.trimmed.sorted.unfiltered.bam	23.2
7.13.23.PLJUL09.R1__NA__NA__230911_WW__00X.trimmed.sorted.unfiltered.bam	23.3
7.13.23.PLJUL10.R1__NA__NA__230911_WW__00X.trimmed.sorted.unfiltered.bam	23.3
7.14.23.PLJUL11.R1__NA__NA__230911_WW__00X.trimmed.sorted.unfiltered.bam	23.2
7.14.23.PLJUL12.R1__NA__NA__230901_WW__00X.trimmed.sorted.unfiltered.bam	23.4
7.19.23.ENCJUL14.R1__NA__NA__230901_WW__00X.trimmed.sorted.unfiltered.bam	23.5
7.19.23.ENCJUL17.R1__NA__NA__230901_WW__00X.trimmed.sorted.unfiltered.bam	23.4
7.19.23.PLJUL16.R1__NA__NA__230901_WW__00X.trimmed.sorted.unfiltered.bam	23.5
7.19.23.PLJUL17.R1__NA__NA__230901_WW__00X.trimmed.sorted.unfiltered.bam	23.4
7.19.23.SBJUL13.R1__NA__NA__230901_WW__00X.trimmed.sorted.unfiltered.bam	23.5
7.19.23.SBJUL16.R2__NA__NA__230901_WW__00X.trimmed.sorted.unfiltered.bam	23.4
7.26.23.ENCJUL20.R1__NA__NA__230816_WW__00X.trimmed.sorted.unfiltered.bam	23.3
7.26.23.ENCJUL25.R2__NA__NA__230816_WW__00X.trimmed.sorted.unfiltered.bam	23.3
7.26.23.PLJUL18.R1__NA__NA__230816_WW__00X.trimmed.sorted.unfiltered.bam	23.4
7.26.23.PLJUL23.R2__NA__NA__230816_WW__00X.trimmed.sorted.unfiltered.bam	23.3
7.26.23.PLJUL24.R2__NA__NA__230816_WW__00X.trimmed.sorted.unfiltered.bam	23.3
7.26.23.SBJUL18.R2__NA__NA__230816_WW__00X.trimmed.sorted.unfiltered.bam	23.4
7.26.23.SBJUL23.R1__NA__NA__230816_WW__00X.trimmed.sorted.unfiltered.bam	23.2
7.28.23.PLJUL25.R2__NA__NA__230816_WW__00X.trimmed.sorted.unfiltered.bam	23.2
7.28.23.PLJUL26.R2__NA__NA__230816_WW__00X.trimmed.sorted.unfiltered.bam	23.1
8.09.23.PLAUG06.R2__NA__NA__230816_WW__00X.trimmed.sorted.unfiltered.bam	23.2
8.09.23.PLAUG07.R1__NA__NA__230816_WW__00X.trimmed.sorted.unfiltered.bam	23.3
8.09.23.SBAUG03.R1__NA__NA__230816_WW__00X.trimmed.sorted.unfiltered.bam	23.4
8.09.23.SBAUG08.R1__NA__NA__230816_WW__00X.trimmed.sorted.unfiltered.bam	23.3
8.11.23.ENCAUG03.R2__NA__NA__230816_WW__00X.trimmed.sorted.unfiltered.bam	25.2
8.11.23.ENCAUG03.R2.rerun__NA__NA__230926_WW__00X.trimmed.sorted.unfiltered.bam	23.7
8.11.23.ENCAUG04.R2__NA__NA__230816_WW__00X.trimmed.sorted.unfiltered.bam	25.4
8.11.23.ENCAUG04.R2.rerun__NA__NA__230926_WW__00X.trimmed.sorted.unfiltered.bam	23.9
8.11.23.PLAUG08.R1__NA__NA__230901_WW__00X.trimmed.sorted.unfiltered.bam	23.3
8.11.23.PLAUG09.R2__NA__NA__230816_WW__00X.trimmed.sorted.unfiltered.bam	22.2
8.11.23.PLAUG09.R2.rerun__NA__NA__230926_WW__00X.trimmed.sorted.unfiltered.bam	24.2
8.23.23.PLAUG20.R1.rerun__NA__NA__231023_WW__00X.trimmed.sorted.unfiltered.bam	22.5
8.23.23.PLAUG21.R1.rerun__NA__NA__231023_WW__00X.trimmed.sorted.unfiltered.bam	22.5
8.25.23.PLAUG22.R2.rerun__NA__NA__231023_WW__00X.trimmed.sorted.unfiltered.bam	22.6
8.25.23.PLAUG23.R1.rerun__NA__NA__231023_WW__00X.trimmed.sorted.unfiltered.bam	22.4
8.30.23.ENCAUG23.R1__NA__NA__230901_WW__00X.trimmed.sorted.unfiltered.bam	23.3
8.30.23.ENCAUG23.R2.rerun__NA__NA__230926_WW__00X.trimmed.sorted.unfiltered.bam	24.3
8.30.23.ENCAUG28.R2__NA__NA__230901_WW__00X.trimmed.sorted.unfiltered.bam	23.5
8.30.23.PLAUG27.R2__NA__NA__230901_WW__00X.trimmed.sorted.unfiltered.bam	23.5
8.30.23.PLAUG27.R2.rerun__NA__NA__231023_WW__00X.trimmed.sorted.unfiltered.bam	22.7
8.30.23.PLAUG28.R2__NA__NA__230901_WW__00X.trimmed.sorted.unfiltered.bam	23.3
8.30.23.SBAUG27.R1__NA__NA__230901_WW__00X.trimmed.sorted.unfiltered.bam	23.5
8.30.23.SBAUG29.R1__NA__NA__230901_WW__00X.trimmed.sorted.unfiltered.bam	23.5
9.01.23.PLAUG29.R1__NA__NA__230901_WW__00X.trimmed.sorted.unfiltered.bam	23.6
9.01.23.PLAUG30.R1__NA__NA__230901_WW__00X.trimmed.sorted.unfiltered.bam	23.5
9.05.23.PLJUL19.R1__NA__NA__230911_WW__00X.trimmed.sorted.unfiltered.bam	23.1
9.06.23.ENCAUG30.R1__NA__NA__230911_WW__00X.trimmed.sorted.unfiltered.bam	23.3
9.06.23.ENCSEP05.R1__NA__NA__230911_WW__00X.trimmed.sorted.unfiltered.bam	23.1
9.06.23.PLSEP03.R2__NA__NA__230911_WW__00X.trimmed.sorted.unfiltered.bam	23.2
9.06.23.PLSEP04.R2__NA__NA__230911_WW__00X.trimmed.sorted.unfiltered.bam	23.2
9.06.23.SBSEP03.R2__NA__NA__230911_WW__00X.trimmed.sorted.unfiltered.bam	23.3
9.06.23.SBSEP05.R2__NA__NA__230911_WW__00X.trimmed.sorted.unfiltered.bam	23.4
9.08.23.PLSEP05.R2__NA__NA__230911_WW__00X.trimmed.sorted.unfiltered.bam	23.3
9.08.23.PLSEP06.R1__NA__NA__230911_WW__00X.trimmed.sorted.unfiltered.bam	23.3
9.13.23.ENCSEP06.R2__NA__NA__230922_WW__00X.trimmed.sorted.unfiltered.bam	23.3
9.13.23.ENCSEP12.R1__NA__NA__230922_WW__00X.trimmed.sorted.unfiltered.bam	23.2
9.13.23.PLSEP10.R1__NA__NA__230922_WW__00X.trimmed.sorted.unfiltered.bam	23.3
9.13.23.PLSEP11.R2__NA__NA__230922_WW__00X.trimmed.sorted.unfiltered.bam	23.3
9.13.23.SBSEP07.R1__NA__NA__230922_WW__00X.trimmed.sorted.unfiltered.bam	23.2
9.13.23.SBSEP12.R2__NA__NA__230922_WW__00X.trimmed.sorted.unfiltered.bam	23.1
9.15.23.PLSEP12.R1__NA__NA__230922_WW__00X.trimmed.sorted.unfiltered.bam	23.3
9.15.23.PLSEP13.R2__NA__NA__230922_WW__00X.trimmed.sorted.unfiltered.bam	23.4
9.20.23.ENCSEP15.R1__NA__NA__230929_WW__00X.trimmed.sorted.unfiltered.bam	23.3
9.20.23.ENCSEP19.R1__NA__NA__230929_WW__00X.trimmed.sorted.unfiltered.bam	23.3
9.20.23.PLSEP17.R1__NA__NA__230929_WW__00X.trimmed.sorted.unfiltered.bam	23.5
9.20.23.PLSEP18.R1__NA__NA__230929_WW__00X.trimmed.sorted.unfiltered.bam	23.3
9.20.23.SBSEP14.R1__NA__NA__230929_WW__00X.trimmed.sorted.unfiltered.bam	25.8
9.20.23.SBSEP19.R2__NA__NA__230929_WW__00X.trimmed.sorted.unfiltered.bam	24.1
9.22.23.PLSEP19.R1__NA__NA__230929_WW__00X.trimmed.sorted.unfiltered.bam	23.3
9.22.23.PLSEP20.R1__NA__NA__230929_WW__00X.trimmed.sorted.unfiltered.bam	23.2
9.27.23.ENCSEP21.R2__NA__NA__230929_WW__00X.trimmed.sorted.unfiltered.bam	23.3
9.27.23.ENCSEP25.R2__NA__NA__230929_WW__00X.trimmed.sorted.unfiltered.bam	23.4
9.27.23.PLSEP24.R2__NA__NA__230929_WW__00X.trimmed.sorted.unfiltered.bam	23.4
9.27.23.PLSEP25.R1__NA__NA__230929_WW__00X.trimmed.sorted.unfiltered.bam	23.3
9.27.23.SBSEP21.R2__NA__NA__230929_WW__00X.trimmed.sorted.unfiltered.bam	23.4
9.27.23.SBSEP24.R2__NA__NA__230929_WW__00X.trimmed.sorted.unfiltered.bam	23.5
9.29.23.PLSEP26.R1__NA__NA__230929_WW__00X.trimmed.sorted.unfiltered.bam	23.5
9.29.23.PLSEP27.R1__NA__NA__230929_WW__00X.trimmed.sorted.unfiltered.bam	23.5
