Date,Other,BA.2.X,BA.5.X,BQ.1.X,BQ.1.1.X,XBB.X,XBB.1.5.X,XBB.1.16.X,XBB.2.3.X,XBB.1.9.X,EG.5.X,BA.2.86.X,JN.1.X,KP.2.X,KP.3.X,KP.3.1.1.X,XEC.X,KP.1.1.X,LP.8.X
2023-01-10,0.07829700514815024,0.0705778050019865,0.10013312402857655,0.10254065666915993,0.41695472701018876,0.003659952393755342,0.22783672974818292,0.0,0.0,0.0,0.0,0.0,0.0,0.0,0.0,0.0,0.0,0.0,0.0
2023-01-15,0.07133956615311814,0.06534349979939787,0.1029894360898655,0.11414091194329364,0.3852421677374314,0.038797064930172424,0.22214735334672098,0.0,0.0,0.0,0.0,0.0,0.0,0.0,0.0,0.0,0.0,0.0,0.0
2023-01-17,0.06811087768805557,0.0629144535882443,0.10431494419873828,0.11952415862675296,0.37052554939630405,0.055102890970895324,0.21950712553100957,0.0,0.0,0.0,0.0,0.0,0.0,0.0,0.0,0.0,0.0,0.0,0.0
2023-01-19,0.06457253582367012,0.06025244516208138,0.10576757763920747,0.12542369564077985,0.3543975062784664,0.07297255772183674,0.21661368173395815,0.0,0.0,0.0,0.0,0.0,0.0,0.0,0.0,0.0,0.0,0.0,0.0
2023-01-23,0.061337431162745676,0.043443881151043195,0.10596137414169968,0.11396440410456225,0.33398893444312444,0.10844102194065118,0.2328629530561737,0.0,0.0,0.0,0.0,0.0,0.0,0.0,0.0,0.0,0.0,0.0,0.0
2023-01-26,0.06235970737620644,0.041289113218894946,0.10340007656430586,0.09284397300012567,0.3151423615485538,0.1097134465182402,0.27525132177367295,0.0,0.0,0.0,0.0,0.0,0.0,0.0,0.0,0.0,0.0,0.0,0.0
2023-01-31,0.06029319667283503,0.03396456227173742,0.04397912640532345,0.08939685061439846,0.2081954752681963,0.1459242594318302,0.4182465293356791,0.0,0.0,0.0,0.0,0.0,0.0,0.0,0.0,0.0,0.0,0.0,0.0
2023-02-02,0.05888516707090993,0.025679910158790526,0.03530381189822326,0.08347896160856137,0.23584968268761147,0.15656704685231665,0.40423541972358684,0.0,0.0,0.0,0.0,0.0,0.0,0.0,0.0,0.0,0.0,0.0,0.0
2023-02-05,0.05786918161210535,0.0176972412239477,0.03681874427661797,0.07116125255618092,0.21810433441052984,0.14459235305370738,0.4537568928669107,0.0,0.0,0.0,0.0,0.0,0.0,0.0,0.0,0.0,0.0,0.0,0.0
2023-02-16,0.056042778459522886,0.014767834088263938,0.007321033661948122,0.03527215171034311,0.1304414682072441,0.11366836321266068,0.6424863706600172,0.0,0.0,0.0,0.0,0.0,0.0,0.0,0.0,0.0,0.0,0.0,0.0
2023-02-21,0.05814072100639777,0.012715250951857184,0.005800303199515339,0.02369755306611698,0.11928609680888445,0.10648977823831038,0.6738702967289179,0.0,0.0,0.0,0.0,0.0,0.0,0.0,0.0,0.0,0.0,0.0,0.0
2023-02-28,0.05446931638184231,0.011374980833783162,0.002698141721620825,0.020078396545635965,0.08251478994294417,0.08820977468391572,0.7361199343478312,0.004534665542426624,0.0,0.0,0.0,0.0,0.0,0.0,0.0,0.0,0.0,0.0,0.0
2023-03-05,0.05561117570247543,0.009929946637521312,0.003451807724834288,0.020467657672397412,0.0748436341025215,0.0881438423085876,0.7274103506899787,0.013152830191659023,0.0,0.006988754970024609,0.0,0.0,0.0,0.0,0.0,0.0,0.0,0.0,0.0
2023-03-12,0.053074043590614337,0.006497302425463843,0.0047613115721303985,0.0007089277683019744,0.02859969311723407,0.05656849919419016,0.8146363366589002,0.023945187054406847,0.0,0.011208698618758053,0.0,0.0,0.0,0.0,0.0,0.0,0.0,0.0,0.0
2023-03-16,0.04752791655959045,0.005492798766261032,0.0037464058610107436,0.0004053542862091011,0.024221313078652138,0.07232409227960988,0.8051284046873046,0.032552596951565496,0.0,0.008601117529796372,0.0,0.0,0.0,0.0,0.0,0.0,0.0,0.0,0.0
2023-03-19,0.056029634670838435,0.010832690799634078,0.0034766519484552526,0.00031888471668625485,0.02553930669210063,0.06449454476909088,0.7995202872776631,0.028861439212566373,0.0,0.010926559912965109,0.0,0.0,0.0,0.0,0.0,0.0,0.0,0.0,0.0
2023-03-21,0.05091287526257339,0.008309681448464373,0.004815303877802375,0.0,0.01578466125656358,0.0722477631275023,0.7919605700081258,0.040550471145704,0.0,0.01541867387326419,0.0,0.0,0.0,0.0,0.0,0.0,0.0,0.0,0.0
2023-03-30,0.04931142062203529,0.007425956867833024,0.0015073232284520603,0.0,0.0,0.05317155887101956,0.822641224382976,0.04631181201772089,0.0,0.019630704009963192,0.0,0.0,0.0,0.0,0.0,0.0,0.0,0.0,0.0
2023-04-09,0.044973511908819166,0.008423222246984973,0.0007979227903249592,0.0,0.0,0.08977014307015,0.7869711218762441,0.03432494644891707,0.0,0.03473913165855996,0.0,0.0,0.0,0.0,0.0,0.0,0.0,0.0,0.0
2023-04-16,0.04349693748273699,0.008532744508248754,0.0,0.0,0.0,0.09454987769964468,0.7815561105551054,0.02284471374805439,0.0,0.04901961600620972,0.0,0.0,0.0,0.0,0.0,0.0,0.0,0.0,0.0
2023-04-18,0.04417128970230277,0.008703212837208256,0.0,0.0,0.0,0.09387867959887752,0.7745046778052469,0.02962123323932297,0.002241416784074095,0.046879490032967666,0.0,0.0,0.0,0.0,0.0,0.0,0.0,0.0,0.0
2023-04-20,0.04914491745705726,0.011557877872042646,0.0,0.0,0.0,0.08068323403736553,0.7716695899264593,0.04265045206078583,0.0013830024654614514,0.04291092618082811,0.0,0.0,0.0,0.0,0.0,0.0,0.0,0.0,0.0
2023-04-26,0.03268136683603416,0.0006917732411552099,0.0,0.0,0.0,0.08509467804563316,0.7970528399231388,0.04357729461701075,0.0021968604111870117,0.038705186925840844,0.0,0.0,0.0,0.0,0.0,0.0,0.0,0.0,0.0
2023-04-30,0.03739844563572028,0.002526936882341683,0.0,0.0,0.0,0.07371177827632963,0.8181771874582998,0.03383063594289457,0.0018487602386139887,0.03250625556579992,0.0,0.0,0.0,0.0,0.0,0.0,0.0,0.0,0.0
2023-05-02,0.03456322369972491,0.0024821777300388604,0.0,0.0,0.0,0.10862145420968472,0.7559981950608837,0.049684745563852016,0.002326823060846086,0.0463233806749698,0.0,0.0,0.0,0.0,0.0,0.0,0.0,0.0,0.0
2023-05-09,0.03980577235839047,0.003091372655313482,0.0,0.0,0.0,0.07015059380800807,0.7851502944866539,0.07521791174763619,0.0020556473942661933,0.024528407549731703,0.0,0.0,0.0,0.0,0.0,0.0,0.0,0.0,0.0
2023-05-14,0.03850644224097435,0.0023991899033022797,0.0,0.0,0.0,0.05574931648753976,0.790852557775281,0.08513666105472989,0.0015255125971274242,0.025830319941045565,0.0,0.0,0.0,0.0,0.0,0.0,0.0,0.0,0.0
2023-05-18,0.03797463787302793,0.0020476867727556095,0.0,0.0,0.0,0.05425553191791494,0.8147181924844358,0.07017848983481394,0.00012695426052795593,0.020698506856523708,0.0,0.0,0.0,0.0,0.0,0.0,0.0,0.0,0.0
2023-05-21,0.04150198266526497,0.002164090560988048,0.0,0.0,0.0,0.06642613131024178,0.7975812056504059,0.05072546015396161,0.00014630674538191563,0.04145482291375567,0.0,0.0,0.0,0.0,0.0,0.0,0.0,0.0,0.0
2023-05-25,0.046747546462022345,0.002164767089712322,0.0,0.0,0.0,0.08276116229450249,0.7370536581726655,0.06126506249875545,0.0006150330467938886,0.0693927704355478,0.0,0.0,0.0,0.0,0.0,0.0,0.0,0.0,0.0
2023-05-28,0.046739622762104666,0.0008537739991611935,0.0,0.0,0.0,0.10067967844567402,0.6756401986880841,0.09499858220726823,0.004717829236669263,0.0763703146610385,0.0,0.0,0.0,0.0,0.0,0.0,0.0,0.0,0.0
2023-05-30,0.04724185537978483,0.00092462049565572,0.0,0.0,0.0,0.10082165414084109,0.6688194530376581,0.08819458363548242,0.004559153016320745,0.08943868029425696,0.0,0.0,0.0,0.0,0.0,0.0,0.0,0.0,0.0
2023-06-04,0.04809668782170544,0.0007668283859184272,0.0,0.0,0.0,0.08720570720701529,0.6767479577618085,0.06330634945512767,0.012383388006075129,0.11149308136234944,0.0,0.0,0.0,0.0,0.0,0.0,0.0,0.0,0.0
2023-06-15,0.05731854062866502,0.0007246716878588062,0.0,0.0,0.0,0.11049913682813167,0.5580711081762695,0.049868416927761706,0.03938884054745579,0.18412928520385763,0.0,0.0,0.0,0.0,0.0,0.0,0.0,0.0,0.0
2023-07-02,0.06306514394006245,0.0008479969850515528,0.0,0.0,0.0,0.11197839503107593,0.31605279565719047,0.06539505425447134,0.10373456785698879,0.30985112437621887,0.029074921898940623,0.0,0.0,0.0,0.0,0.0,0.0,0.0,0.0
2023-07-04,0.06521699825607674,0.0008586776417938482,0.0,0.0,0.0,0.10193361691869395,0.32636237165162557,0.07232184452163391,0.08950645739171999,0.3210534429538359,0.02274659066462008,0.0,0.0,0.0,0.0,0.0,0.0,0.0,0.0
2023-07-06,0.07133255823354877,0.0010284100390020473,0.0,0.0,0.0,0.09144614489904798,0.3118810661162,0.08668560475295106,0.08440321849736437,0.3323437356145489,0.020879261847336995,0.0,0.0,0.0,0.0,0.0,0.0,0.0,0.0
2023-07-13,0.07100641026355277,0.0,0.0,0.0,0.0,0.08125667681573297,0.35862102759692827,0.05113389686291532,0.07889593772937392,0.32070653137893407,0.038379519352562765,0.0,0.0,0.0,0.0,0.0,0.0,0.0,0.0
2023-07-16,0.07124496981567655,0.0,0.0,0.0,0.0,0.0828354673175569,0.33443331244333374,0.07358030117061921,0.09868409423642276,0.284719045453604,0.054502809562786955,0.0,0.0,0.0,0.0,0.0,0.0,0.0,0.0
2023-07-18,0.07293601540310554,0.0,0.0,0.0,0.0,0.10712252311553817,0.3253950090300137,0.06996698461135617,0.07556001473655292,0.27148378226686143,0.07753567083657224,0.0,0.0,0.0,0.0,0.0,0.0,0.0,0.0
2023-07-23,0.07500873388665238,0.0,0.0,0.0,0.0,0.11481867610229071,0.3234500790089206,0.0800177235527473,0.07768038361195323,0.22454732114916773,0.10447708268826812,0.0,0.0,0.0,0.0,0.0,0.0,0.0,0.0
2023-08-03,0.08398443650645604,0.0,0.0,0.0,0.0,0.051897436081791794,0.31819679337229934,0.1323538702284546,0.04376073420234861,0.15751562206197,0.21229110754667951,0.0,0.0,0.0,0.0,0.0,0.0,0.0,0.0
2023-08-08,0.08183235453517601,0.0,0.0,0.0,0.0,0.04891115999038254,0.2786840846407123,0.13234897274944007,0.039449319744054405,0.16812097997548325,0.2506531283647514,0.0,0.0,0.0,0.0,0.0,0.0,0.0,0.0
2023-08-29,0.07957160599774928,0.0,0.0,0.0,0.0,0.02191809142739344,0.26453566860241545,0.15420856720508655,0.03386930645110837,0.1389485117072769,0.30694824860896996,0.0,0.0,0.0,0.0,0.0,0.0,0.0,0.0
2023-09-05,0.07621410161751582,0.0,0.0,0.0,0.0,0.018485332162447975,0.2220348688027447,0.2570284456407698,0.028355111447797218,0.12894022835357194,0.26894191197515244,0.0,0.0,0.0,0.0,0.0,0.0,0.0,0.0
2023-09-07,0.07407129400537146,0.0,0.0,0.0,0.0,0.02248016333943495,0.19984690947500722,0.21518094914089236,0.025560818327920887,0.17960710132417684,0.2832527643871963,0.0,0.0,0.0,0.0,0.0,0.0,0.0,0.0
2023-09-12,0.07296246338068582,0.0,0.0,0.0,0.0,0.01601134816497254,0.20709029727656691,0.2188668311666053,0.021321967405281132,0.1800363632654932,0.28371072934039526,0.0,0.0,0.0,0.0,0.0,0.0,0.0,0.0
2023-09-21,0.06683003393012892,0.0,0.0,0.0,0.0,0.022404495318539854,0.180690669109555,0.235125816665903,0.01839994500298377,0.18955897038948777,0.2869900695834018,0.0,0.0,0.0,0.0,0.0,0.0,0.0,0.0
2023-09-24,0.06693870489747326,0.002852657255599064,0.0,0.0,0.0,0.03432277916434216,0.14701372176257543,0.23282779950411456,0.017586255447172575,0.19240048062416532,0.3060576013445576,0.0,0.0,0.0,0.0,0.0,0.0,0.0,0.0
2023-09-28,0.06754839559128055,0.0025100353241038625,0.0,0.0,0.0,0.031999936993223094,0.15325866643758487,0.24898483899098844,0.022287392271392245,0.17983948148843612,0.29357125290299096,0.0,0.0,0.0,0.0,0.0,0.0,0.0,0.0
2023-10-05,0.07086455221418453,0.0034646207156126246,0.0,0.0,0.0,0.0382336796119912,0.11079408335408021,0.24315486766738093,0.009208493922979425,0.17548724439266972,0.3487924581211014,0.0,0.0,0.0,0.0,0.0,0.0,0.0,0.0
2023-10-08,0.07118596219772791,0.0029784594686243717,0.0,0.0,0.0,0.036811293479625834,0.10153013944468994,0.18969055353119313,0.007682000427968719,0.16717467257257385,0.4229469188775963,0.0,0.0,0.0,0.0,0.0,0.0,0.0,0.0
2023-10-15,0.08025337439165865,0.0023672753203422656,0.0,0.0,0.0,0.029577784580927965,0.0834759997112836,0.16735664523494703,0.035965200091148286,0.10759213009539098,0.4934115905743012,0.0,0.0,0.0,0.0,0.0,0.0,0.0,0.0
2023-10-17,0.08333932123099669,0.0025715628823851705,0.0,0.0,0.0,0.030441214231249236,0.17842565853428646,0.1488531057705702,0.028654721337779618,0.08593609483925936,0.44177832117347315,0.0,0.0,0.0,0.0,0.0,0.0,0.0,0.0
2023-10-19,0.0878989706521614,0.0037180511625624873,0.0,0.0,0.0,0.030249468593599442,0.1503146061998822,0.13849286635464048,0.024167575746150652,0.07890369529257071,0.48625476599843265,0.0,0.0,0.0,0.0,0.0,0.0,0.0,0.0
2023-10-24,0.09004695632493281,0.0,0.0,0.0,0.0,0.010967268190373572,0.15662404405578106,0.11108994339838359,0.025963344834827255,0.07254888420543106,0.5327595589902706,0.0,0.0,0.0,0.0,0.0,0.0,0.0,0.0
2023-10-26,0.08922396583491624,0.0,0.0,0.0,0.0,0.009859814942308904,0.13497727710155918,0.09695376433199018,0.024505256493610194,0.06517496259566967,0.5793049586999456,0.0,0.0,0.0,0.0,0.0,0.0,0.0,0.0
2023-10-31,0.09683568129782644,0.0,0.0,0.0,0.0,0.014961794303580226,0.1363771096873802,0.08968972565621565,0.021863881698125674,0.07857300164356065,0.5604851253565932,0.000505700148632456,0.0007079802080854385,0.0,0.0,0.0,0.0,0.0,0.0
2023-11-02,0.10221878121096652,0.0,0.0,0.0,0.0,0.011583140679435038,0.17701275454838572,0.0420153894596519,0.03221466752147042,0.08792640634835079,0.5373574876700997,0.0005271441109470747,0.009144228450693037,0.0,0.0,0.0,0.0,0.0,0.0
2023-11-05,0.10504722106532838,0.0004890181185742375,0.0,0.0,0.0,0.012018321803680945,0.21440726909170787,0.04880940973587681,0.0011711611532370337,0.06587897652587482,0.5259604871901833,0.009760970714853384,0.01645716460068322,0.0,0.0,0.0,0.0,0.0,0.0
2023-11-19,0.10338492960782583,0.0016884327174213252,0.0,0.0,0.0,0.017024233977413882,0.05400000276048504,0.06762152570686793,0.0022880387725245253,0.09168024895672336,0.4749168737312597,0.07431023985438165,0.11308547391509667,0.0,0.0,0.0,0.0,0.0,0.0
2023-11-23,0.10061205292129688,0.0016307724647359034,0.0,0.0,0.0,0.016379976292331073,0.0521641000389247,0.06566821039512886,0.0022127327475635916,0.08944372004352029,0.4577643607440505,0.07999687984468708,0.1341271945077612,0.0,0.0,0.0,0.0,0.0,0.0
2023-11-28,0.09537570639610969,0.001522512069658798,0.0,0.0,0.0,0.014869368960262079,0.04477234079123251,0.06373610464784142,0.0019649760347064038,0.09379820234666293,0.4654642855621124,0.07605390940575078,0.14244259378566287,0.0,0.0,0.0,0.0,0.0,0.0
2023-11-30,0.09187688780221676,0.0009458023974867311,0.0,0.0,0.0,0.0135108002704424,0.032628728401333705,0.0439375837113783,0.0014708798911215865,0.07190843786043664,0.5123936780608103,0.05651230567592842,0.1748148959288453,0.0,0.0,0.0,0.0,0.0,0.0
2023-12-03,0.0776107556808198,0.0008092252532162582,0.0,0.0,0.0,0.007273533505473394,0.023605010723229358,0.03322800845180835,0.0012466004876741854,0.049828772258040395,0.3981174060320781,0.09633771387613436,0.3119429737315258,0.0,0.0,0.0,0.0,0.0,0.0
2023-12-07,0.07313826973206645,0.0006834155639213271,0.0,0.0,0.0,0.006158882501384542,0.017266687686384705,0.017666711128573466,0.0037202775325962346,0.034861587222641044,0.46539264223539967,0.08808823401869147,0.2930232923783411,0.0,0.0,0.0,0.0,0.0,0.0
2023-12-12,0.07037849347868225,0.0,0.0,0.0,0.0,0.003461419729797309,0.013726946838722135,0.0073046260716214395,0.004030770189814959,0.022414798402573582,0.44335110498075747,0.07721816451992769,0.3581136757881032,0.0,0.0,0.0,0.0,0.0,0.0
2023-12-14,0.06893048975416678,3.270827098751133e-05,0.0,0.0,0.0,0.0040852492408832335,0.010208215942345179,0.005033464181992867,0.003985859938359718,0.024377834329104973,0.44374359822395987,0.07383078149799978,0.3657717986202001,0.0,0.0,0.0,0.0,0.0,0.0
2023-12-21,0.0685744038035692,5.059528503092784e-05,0.0,0.0,0.0,0.004096036342868547,0.008300733540609914,0.004547236055633068,0.004200256285268288,0.02229578039048961,0.4059394553114992,0.06967748135393236,0.41231802163109893,0.0,0.0,0.0,0.0,0.0,0.0
2024-01-04,0.06626037908445477,0.0007776686501079243,0.0,0.0,0.0,0.003083971338093862,0.0025385412033952356,0.0014029711475380571,0.0036842084190926885,0.010124038942979157,0.23481040739999062,0.05145695221290949,0.6258608616014382,0.0,0.0,0.0,0.0,0.0,0.0
2024-01-07,0.06366994996640733,0.000739900209159364,0.0,0.0,0.0,0.0022429018916111545,0.0012346691756408967,0.004161405436378398,0.003841694877656319,0.007088897941214821,0.16984860785903627,0.05337545217709197,0.6937965204658034,0.0,0.0,0.0,0.0,0.0,0.0
2024-01-11,0.06855162036912389,0.0007981662532469426,0.0,0.0,0.0,0.0019490493362935074,0.0003871345989339376,0.004162624513267793,0.005646011090901251,0.004714811594572683,0.13147628326481264,0.026465472130160886,0.7558488268486864,0.0,0.0,0.0,0.0,0.0,0.0
2024-01-14,0.06517921919519365,0.0007004270674324809,0.0,0.0,0.0,0.0017857047150193735,0.00012672209648285243,0.0033666956919064755,0.0024537214821518977,0.0030546753939999644,0.03397750735821257,0.025481457189584007,0.8638738698100166,0.0,0.0,0.0,0.0,0.0,0.0
2024-01-16,0.059329348825205755,0.0007456427073360431,0.0,0.0,0.0,0.0022524395088977366,0.0,0.003275388995025799,0.0023241745459533876,0.0027187572916469,0.02932010223095366,0.02715254129276377,0.872881604602217,0.0,0.0,0.0,0.0,0.0,0.0
2024-01-18,0.06295011017475374,0.0008058757515400758,0.0,0.0,0.0,0.00021781362877861703,0.0,0.0038786598350636324,0.002525605947007742,0.004161296362101973,0.03478459458581119,0.009808520098864812,0.8808675236160782,0.0,0.0,0.0,0.0,0.0,0.0
2024-01-25,0.05389048867121601,0.0005947294093577026,0.0,0.0,0.0,0.0006822709148105844,0.00013341792473356618,0.0025518435690984834,0.0016911259975852784,0.003549558025050723,0.0200165151265549,0.006865669309957382,0.9100243810516354,0.0,0.0,0.0,0.0,0.0,0.0
2024-01-28,0.04776006558028973,0.0001383795683280701,0.0,0.0,0.0,0.0006867770372281702,0.00013325876391588975,0.0027550316581834967,0.001807283466218215,0.0028162293604333966,0.010642659352919866,0.006682917301447422,0.9265773979110358,0.0,0.0,0.0,0.0,0.0,0.0
2024-02-01,0.039895482923886255,0.00013321407318946386,0.0,0.0,0.0,0.000667507846690672,0.00013465155393281662,7.286447013626394e-05,0.0012386959923164872,0.0026839837345891044,0.007396398557580033,0.004930895550961386,0.9428463052967175,0.0,0.0,0.0,0.0,0.0,0.0
2024-02-04,0.03370068555969363,0.00011968432296739918,0.0,0.0,0.0,0.00059346242235062,0.00011472513048102327,0.0,0.0,0.002249206173948704,0.0038984873120765213,0.005893301184669626,0.9534304478938125,0.0,0.0,0.0,0.0,0.0,0.0
2024-02-06,0.02970206714142101,0.00014634162481131879,0.0,0.0,0.0,0.0007137824815751485,0.00012841598232987345,0.0,0.0,0.0026908626590078297,0.0005136639293194938,0.0040684273197418444,0.9620364388617937,0.0,0.0,0.0,0.0,0.0,0.0
2024-02-08,0.02850178044971726,0.0002131773465798705,0.0,0.0,0.0,0.0010318107478061733,0.00017910136148669128,0.0,0.0,0.003879989659551643,0.0007164054459467651,0.0075244964630556644,0.9579532385258559,0.0,0.0,0.0,0.0,0.0,0.0
2024-02-15,0.02378572314471026,0.0,0.0,0.0,0.0,0.00014394426767307125,0.00014394426767307125,0.0,0.0,0.0007197213383653563,0.000575777070692285,0.01512604325335249,0.9595048466575332,0.0,0.0,0.0,0.0,0.0,0.0
2024-02-18,0.01859720385583868,0.0,0.0,0.0,0.0,0.0,0.0,0.0,0.0,0.0,0.0,0.016071450187454032,0.9653313459567072,0.0,0.0,0.0,0.0,0.0,0.0
2024-02-25,0.016115270910324185,0.0,0.0,0.0,0.0,0.0,0.0,0.0,0.0,0.0,0.0,0.017305409046472632,0.9665793200432033,0.0,0.0,0.0,0.0,0.0,0.0
2024-02-27,0.015419983613590921,0.0,0.0,0.0,0.0,0.0,0.0,0.0,0.0,0.0,0.0,0.01711941189973718,0.9674606044866721,0.0,0.0,0.0,0.0,0.0,0.0
2024-02-29,0.01635414636670674,0.0,0.0,0.0,0.0,0.0,0.0,0.0,0.0,0.0,0.0,0.020407041986915522,0.9632388116463777,0.0,0.0,0.0,0.0,0.0,0.0
2024-03-07,0.009240890023049241,0.0,0.0,0.0,0.0,0.0,0.0,0.0,0.0,0.0,0.0,0.0194605541911835,0.9712985557857672,0.0,0.0,0.0,0.0,0.0,0.0
2024-03-10,0.002011895206076664,0.0,0.0,0.0,0.0,0.0,0.0,0.0,0.0,0.0,0.0,0.0,0.9979881047939233,0.0,0.0,0.0,0.0,0.0,0.0
2024-03-12,0.015123964830343008,0.0,0.0,0.0,0.0,0.0,0.0,0.0,0.0,0.0,0.0,0.0,0.9848760351696568,0.0,0.0,0.0,0.0,0.0,0.0
2024-03-24,0.027766080249445442,0.0,0.0,0.0,0.0,0.0,0.0,0.0,0.0,0.0,0.0,0.0,0.9722339197505546,0.0,0.0,0.0,0.0,0.0,0.0
2024-03-28,0.024102117185138532,0.0,0.0,0.0,0.0,0.0,0.0,0.0,0.0,0.0,0.0,0.0,0.9758978828148616,0.0,0.0,0.0,0.0,0.0,0.0
2024-03-31,0.019659361641844102,0.0,0.0,0.0,0.0,0.0,0.0,0.0,0.0,0.0,0.0,0.0,0.9803406383581559,0.0,0.0,0.0,0.0,0.0,0.0
2024-04-02,0.019780804955348553,0.0,0.0,0.0,0.0,0.0,0.0,0.0,0.0,0.0,0.0,0.0,0.9802191950446514,0.0,0.0,0.0,0.0,0.0,0.0
2024-04-04,0.0211951737181433,0.0,0.0,0.0,0.0,0.0,0.0,0.0,0.0,0.0,0.0,0.0,0.9788048262818566,0.0,0.0,0.0,0.0,0.0,0.0
2024-04-09,0.014956928935838677,0.0,0.0,0.0,0.0,0.0,0.0,0.0,0.0,0.0,0.0,0.0,0.9850430710641612,0.0,0.0,0.0,0.0,0.0,0.0
2024-04-11,0.012724624573683079,0.0,0.0,0.0,0.0,0.0,0.0,0.0,0.0,0.0,0.0,0.0,0.9872753754263168,0.0,0.0,0.0,0.0,0.0,0.0
2024-04-16,0.01904974779039244,9.933719126605965e-05,0.00019157886887025792,0.0,0.0,0.0,0.0,0.0,0.0,0.0,0.0,0.0,0.9806593361494712,0.0,0.0,0.0,0.0,0.0,0.0
2024-04-18,0.016288178386764288,7.642554388896657e-05,0.0001473921203572927,0.0,0.0,0.0,0.0,0.0,0.0,0.0,0.0,0.0,0.9834880039489895,0.0,0.0,0.0,0.0,0.0,0.0
2024-04-25,0.02202047665528884,0.00012662925842111218,0.0002442135698121449,0.0,0.0,0.0,0.0,0.0,0.0,0.0,0.0,0.0011297441928195136,0.9764789363236582,0.0,0.0,0.0,0.0,0.0,0.0
2024-04-28,0.01850994563209991,0.00010211145018732821,0.00019692922536127585,0.0,0.0,0.0,0.0,0.0,0.0,0.0,0.0,0.0008700147374424254,0.9803209989549093,0.0,0.0,0.0,0.0,0.0,0.0
2024-04-30,0.021324335913278408,0.00010733014698664903,0.0002069938549028231,0.0,0.0,0.0,0.0,0.0,0.0,0.0,0.0,0.0013442657509707457,0.9770170743338613,0.0,0.0,0.0,0.0,0.0,0.0
2024-05-02,0.037571920704453025,0.0002012106999236031,0.00033922172737330315,0.0,0.0,0.0,0.0,0.0,0.0,0.0,0.0,0.0016960222740936958,0.9480682204657345,0.009698723302737824,0.002424680825684456,0.0,0.0,0.0,0.0
2024-05-09,0.0016601455791622041,0.00021245018459187874,0.00025345825459012494,0.0,0.0,0.0,0.0,0.0,0.0,0.0,0.0,0.0018503561434717846,0.8780860075601177,0.03103972168148292,0.08689786059658318,0.0,0.0,0.0,0.0
2024-05-12,0.001264754143233072,7.054347694040663e-05,0.0,0.0,0.0,0.0,0.0,0.0,0.0,0.0,0.0,0.001852476228475521,0.8952143949634377,0.027023578089478847,0.07457425309843436,0.0,0.0,0.0,0.0
2024-05-19,0.0007735437357917739,9.335061114567948e-05,0.0,0.0,0.0,0.0,0.0,0.0,0.0,0.0,0.0,0.001339079374572819,0.8562312210051399,0.035760464885037216,0.10580234038831254,0.0,0.0,0.0,0.0
2024-05-21,0.000845099938781925,8.59023542824756e-05,0.0,0.0,0.0,0.0,0.0,0.0,0.0,0.0,0.0,0.0009287937524222317,0.8307020337753384,0.05399596994090641,0.09227965133619351,0.0,0.0,0.021162548902075074,0.0
2024-05-23,0.00038977046312495175,0.00010071293263223783,0.0,0.0,0.0,0.0,0.0,0.0,0.0,0.0,0.0,0.0012701194411106787,0.744220713775011,0.05542611556741601,0.18256390594028965,0.0,0.0,0.016028661880415403,0.0
2024-05-28,0.00023044821414442172,0.00010260711510935006,0.0,0.0,0.0,0.0,0.0,0.0,0.0,0.0,0.0,0.00010108077868166325,0.6010525671865382,0.07011094484589127,0.26125265223364913,0.0,0.0,0.06714969962598581,0.0
2024-06-02,1.8191985549006485e-05,0.0,0.0,0.0,0.0,0.0,0.0,0.0,0.0,0.0,0.0,7.851902243476344e-05,0.5711767907490215,0.05418177259653349,0.26763579409622434,0.0,0.0,0.10690893155023687,0.0
2024-06-04,1.7568121787459602e-05,0.0,0.0,0.0,0.0,0.0,0.0,0.0,0.0,0.0,0.0,0.00010537265420470684,0.6757804208984612,0.047841685562667984,0.18471165608444115,0.0,0.0,0.09154329667843723,0.0
2024-06-09,6.838246182154177e-06,0.0,0.0,0.0,0.0,0.0,0.0,0.0,0.0,0.0,0.0,0.0,0.7635644185563338,0.05567469561232909,0.1423273813135682,0.0,0.0,0.03842666627158667,0.0
2024-06-13,0.0218799524490766,0.0,0.0,0.0,0.0,0.0,0.0,0.0,0.0,0.0,0.0,0.0,0.7237354705061211,0.13197495228206696,0.09763457636307761,0.0,0.0,0.02477504839965781,0.0
2024-06-16,0.020984839179300798,0.0,0.0,0.0,0.0,0.0,0.0,0.0,0.0,0.0,0.0,0.0,0.7324092025405539,0.12242183497451958,0.10427748645777127,0.0,0.0,0.019906636847854445,0.0
2024-06-20,0.020949559975887263,0.0,0.0,0.0,0.0,0.0,0.0,0.0,0.0,0.0,0.0,0.0,0.7225910512676073,0.16168191100931445,0.07990606986840167,0.0,0.0,0.014871407878789319,0.0
2024-06-23,0.018985544607208853,0.0,0.0,0.0,0.0,0.0,0.0,0.0,0.0,0.0,0.0,0.0,0.69336487482287,0.16455668472148985,0.0778007227467432,0.0,0.0,0.04529217310168805,0.0
2024-06-25,0.027791077258797734,0.0,0.0,0.0,0.0,0.0,0.0,0.0,0.0,0.0,0.0,0.0,0.7006365370675446,0.15254249793853694,0.08026146995997248,0.007066061205967929,0.0,0.03170235656918046,0.0
2024-06-27,0.02457730514014258,0.0,0.0,0.0,0.0,0.0,0.0,0.0,0.0,0.0,0.0,0.0,0.7012640391874395,0.1679199664537998,0.07503333150546881,0.004412729425216745,2.0853687625017515e-05,0.02677177460030779,0.0
2024-07-04,0.04696798100496514,0.0,0.0,0.0,0.0,0.0,0.0,0.0,0.0,0.0,0.0,0.0,0.47684754478560953,0.2950406404436818,0.09075572903581608,0.013369494064613976,8.790579635269126e-05,0.07693070486896082,0.0
2024-07-11,0.031760571892684164,0.0,0.0,0.0,0.0,0.0,2.7786960615731682e-05,0.0,0.0,0.0,0.0,0.0,0.263407938925081,0.40865374636653,0.15803499960352632,0.04187307179357328,0.0001210424758469283,0.09612084198214266,0.0
2024-07-14,0.028330556753246777,0.0,0.0,0.0,0.0,0.0,2.3895650254320567e-05,0.0,0.0,0.0,0.0,0.0,0.2538177559050559,0.3796924915967089,0.1451929089070945,0.10519414525912221,0.00010768180242222896,0.08764056412609517,0.0
2024-07-18,0.025753899069160837,0.0,0.0,0.0,0.0,0.0,2.340109868344423e-05,0.0,0.0,0.0,0.0,0.0,0.22722738788902988,0.3606692430620702,0.14992041861256603,0.14354082052425285,9.674558701569371e-05,0.092768084157221,0.0
2024-07-21,0.02603345901723864,0.0,0.0,0.0,0.0,0.0,2.0294970961263278e-05,0.0,0.0,0.0,0.0,0.0,0.23761479666640972,0.3887431846600894,0.1498201099941552,0.13628553994548714,0.00012911929427682445,0.061353495451381745,0.0
2024-07-23,0.00906241856299386,0.0,0.0,0.0,0.0,0.0,2.02730056571393e-05,0.0,0.0,0.0,0.0,0.0,0.2603715347349206,0.43606027313391116,0.12715368540371044,0.11444928253725334,0.00014073940910187203,0.052741793212451586,0.0
2024-07-25,0.011764054726692692,0.0,0.0,0.0,0.0,0.0,2.5342847215452062e-05,0.0,0.0,0.0,0.0,0.0,0.2360186107526034,0.3986516409847195,0.15259629154190965,0.13628513316865634,2.1875015343358514e-05,0.06463705096285953,0.0
2024-08-01,0.011651841070902103,0.0,0.0,0.0,0.0,0.0,1.4211092754162454e-05,0.0,0.0,0.0,0.0,0.0,0.3550667495002215,0.35882081731675775,0.107879169141907,0.1051590690533132,2.813744906317546e-05,0.06138000537508105,0.0
2024-08-04,0.028789738357633616,0.0,0.0,0.0,0.0,0.0,0.0,0.0,0.0,0.0,0.0,0.0,0.3732187044337444,0.32235386314381004,0.08993832473085206,0.12324211373183723,2.8565648823880377e-05,0.062428689953298706,0.0
2024-08-06,0.023568358239820522,0.0,0.0,0.0,0.0,0.0,0.0,0.0,0.0,0.0,0.0,0.0,0.36028628763756526,0.37689104743130114,0.08106017026443589,0.0978007372578136,3.013622720234391e-05,0.06036326294186117,0.0
2024-08-11,0.03168990543130006,0.0,0.0,0.0,0.0,0.0,0.0,0.0,0.0,0.0,0.0,0.0,0.3023786188412015,0.3262034028169376,0.050660913917651436,0.10543057400367427,1.8583238648403236e-05,0.18361800175058676,0.0
2024-08-13,0.03043549315373189,0.0,0.0,0.0,0.0,0.0,0.0,0.0,0.0,0.0,0.0,0.0,0.32608368685700634,0.31816602823318707,0.04670614005379824,0.11918992266193396,0.0,0.15941872904034252,0.0
2024-08-15,0.033312073405643294,0.0,0.0,0.0,0.0,0.0,0.0,0.0,0.0,0.0,0.0,0.0,0.3304460633609166,0.2869907827717973,0.0522982548317656,0.11762144773967327,0.0,0.179331377890204,0.0
2024-08-20,0.049922795150141294,0.0,0.0,0.0,0.0,0.0,0.0,0.0,0.0,0.0,0.0,0.0,0.3382924529503379,0.25330034009936503,0.051166517185045675,0.13034004902925717,0.0,0.17697784558585292,0.0
2024-08-27,0.05316280037032904,0.0,0.0,0.0,0.0,0.0,0.0,0.0,0.0,0.0,0.0,0.0,0.30058074713652067,0.23544292889146806,0.04619579006052425,0.1758014545092526,0.0,0.18881627903190554,0.0
2024-08-29,0.03753387777866602,0.0,0.0,0.0,0.0,0.0,0.0,0.0,0.0,0.0,0.0,0.0,0.26995682552336386,0.2543882092653233,0.05411257494588614,0.16175104283519437,0.0,0.22225746965156626,0.0
2024-09-03,0.0328723031445632,0.0,0.0,0.0,0.0,0.0,0.0,0.0,0.0,0.0,0.0,0.0,0.39357806056991185,0.16552012086816734,0.06970693268832026,0.1619639253189704,0.0,0.17635865741006704,0.0
2024-09-08,0.024394376744729985,0.0,0.0,0.0,0.0,0.0,0.0,0.0,0.0,0.0,0.0,0.0,0.5168413790469801,0.14142002150344507,0.08568274857811958,0.18240662730132196,0.0,0.049254846825403216,0.0
2024-09-10,0.03159986650108808,0.0,0.0,0.0,0.0,0.0,0.0,0.0,0.0,0.0,0.0,0.0,0.4992893902397391,0.17725237728006799,0.08188191924027616,0.1420444116367878,0.0,0.0679320351020408,0.0
2024-09-12,0.05135499628159884,0.0,0.0,0.0,0.0,0.0,0.0,0.0,0.0,0.0,0.0,0.0,0.5604094802679914,0.13092289045080524,0.09808713299111493,0.136425623846142,0.0,0.022799876162347386,0.0
2024-09-17,0.01320538451500468,0.0,0.0,0.0,0.0,0.0,0.0,0.0,0.0,0.0,0.0,1.872813551209477e-05,0.47641628955764515,0.17701260384762837,0.10550544165664012,0.19832692972116564,0.0,0.029514622566403918,0.0
2024-09-24,0.016103419662468314,0.0,0.0,0.0,0.0,0.0,0.0,0.0,0.0,0.0,0.0,3.671387201770704e-05,0.4945582340877999,0.17114054024131653,0.1027551720712681,0.184631464776183,0.0,0.030774455288946376,0.0
2024-09-26,0.017735713745785895,0.0,0.0,0.0,0.0,0.0,0.0,0.0,0.0,0.0,0.0,3.413792248298741e-05,0.5724965504411348,0.13431464068234053,0.06472730775859863,0.20379047445048448,0.002976233221247227,0.003924941777925495,0.0
2024-10-17,0.03748112161761098,0.0,0.0,0.0,0.0,0.0,0.0,0.0,0.0,0.0,0.0,9.741938595195469e-05,0.3772867559308256,0.1420699908384638,0.13897661268243236,0.22496197138806212,0.07767479390056602,0.0014513342560871579,0.0
2024-10-29,0.050844612273513924,0.0,0.0,0.0,0.0,0.0,0.0,0.0,0.0,0.0,0.0,0.00010796363156371193,0.24067306610887892,0.15034598320792839,0.18175046862975505,0.23180544910393122,0.13955314389926265,0.00382312573283515,0.0010961874123311727
2024-11-17,0.01240040246383466,0.0,0.0,0.0,0.0,0.0,0.0,0.0,0.0,0.0,0.0,3.198305382005043e-05,0.16456909347902385,0.04089602270517297,0.11121241731235734,0.1343967314828341,0.5338527172910826,0.001769072522255002,0.0008715596896193511
2024-11-19,0.027317582662712635,0.0,0.0,0.0,0.0,0.0,0.0,0.0,0.0,0.0,0.0,3.0467473717938945e-05,0.16068251737994382,0.04388439869018288,0.10340319929983643,0.12514833005546966,0.5372856860980326,0.0015409572268637976,0.0007068611132402741
2024-11-21,0.019475172035100272,0.0,0.0,0.0,0.0,0.0,0.0,0.0,0.0,0.0,0.0,0.0,0.16832989129052398,0.03264035470696167,0.09643590504442344,0.2911271693609658,0.39019701038286864,0.0012301898901134044,0.0005643072890428461
2024-11-26,0.021221754834146792,0.0,0.0,0.0,0.0,0.0,0.0,0.0,0.0,0.0,0.0,0.0,0.17533525148548765,0.03455784197935893,0.06600142977518389,0.2889807645474906,0.4119712631788775,0.001324243193336796,0.0006074510061177963
2024-12-03,0.02977241587974284,0.0,0.0,0.0,0.0,0.0,0.0,0.0,0.0,0.0,0.0,0.0,0.07277782341206158,0.024951879036251182,0.05262283800780033,0.34034519539074637,0.3482598853347796,0.006615513222897703,0.12465444971572043
2024-12-08,0.029918133640560687,0.0,0.0,0.0,0.0,0.0,0.0,0.0,0.0,0.0,0.0,0.0,0.05991489050226207,0.009745165987467707,0.03197863861300393,0.3690184947634572,0.35444754207902524,0.007002141453565517,0.13797499296065766
2024-12-12,0.0250608699462999,0.0,0.0,0.0,0.0,0.0,0.0,0.0,0.0,0.0,0.0,0.0,0.12198752053464448,0.004117219944270629,0.02578486540381153,0.3779268721751931,0.30153147751687054,0.0062908102917606165,0.13730036418714917
2024-12-15,0.024377196958923934,0.0,0.0,0.0,0.0,0.0,0.0,0.0,0.0,0.0,0.0,0.0,0.12023530002152323,0.003796184025210817,0.04955260417150974,0.41265031205153574,0.24663501588939363,0.006254106344901166,0.13649928053700178
2024-12-17,0.04441396525002565,0.0,0.0,0.0,0.0,0.0,0.0,0.0,0.0,0.0,0.0,0.0,0.0865645097126837,0.0,0.04743914218917562,0.34213683401818806,0.37514924662794885,0.004569279788021699,0.09972702241395645
2024-12-19,0.08660907146397111,0.0,0.0,0.0,0.0,0.0,0.0,0.0,0.0,0.0,0.0,0.0,0.06080839702713615,0.0,0.04774688735049642,0.23333135492440787,0.4533081865377045,0.0051782378825586395,0.11301786481372533
2024-12-22,0.0847456392980752,0.0,0.0,0.0,0.0,0.0,0.0,0.0,0.0,0.0,0.0,0.0,0.06463917843220596,0.0,0.036588905863541604,0.2435417360293076,0.4478910273766875,0.004666824263768292,0.11792668873641388
2024-12-24,0.08954375845000505,0.0,0.0,0.0,0.0,0.0,0.0,0.0,0.0,0.0,0.0,0.0,0.05465334217121239,0.0,0.03409562299967326,0.28198098651528397,0.4686698059966485,0.0020164420909915106,0.06904004177618528
2024-12-26,0.09364331510962265,0.0,0.0,0.0,0.0,0.0,0.0,0.0,0.0,0.0,0.0,0.0,0.04605832059606278,0.0,0.031944253189896236,0.3149376982307527,0.4864022279911668,0.0,0.02701418488249889
2024-12-31,0.09598377181819917,0.0,0.0,0.0,0.0,0.0,0.0,0.0,0.0,0.0,0.0,0.0,0.027431741170258407,0.0,0.02612637757968645,0.35853708176911164,0.49192102766274437,0.0,0.0
