nt_mutations	aa_mutations	cluster_depth	total_depth	frequency	coverage_start	coverage_end
C23271T	S:A570V	293	327	0.896024	23258	23320
G24872T	S:V1104L	69	113	0.610619	24854	24946
A24424T T24469A	S:Q954H S:N969K	64	65	0.984615	24416	24502
G23222A	S:E554K	35	36	0.972222	23157	23222
C21711T A21764-TACATG	S:S50L S:DEL69/70	23	25	0.92	21703	21790
C23271T A23403G C23423T	S:A570V S:D614G S:P621S	22	26	0.846154	23258	23445
C22295A	S:H245N	15	21	0.714286	22232	22323
C23525T	S:H655Y	12	13	0.923077	23499	23536
A23403G C23423T	S:D614G S:P621S	10	37	0.27027	23353	23445
